user_id,session_id,event_time,event_type,device,traffic_source,location
U00059,t6uvubthhg3f,2025-12-16 16:08:15,visit,mobile,organic,IN-TN
U00059,t6uvubthhg3f,2025-12-16 16:09:30,view_product,mobile,organic,IN-TN
U00059,t6uvubthhg3f,2025-12-16 16:12:59,add_to_cart,mobile,organic,IN-TN
U00135,9rnxgrfob3y9,2025-12-09 15:00:22,visit,desktop,referral,IN-KA
U00135,9rnxgrfob3y9,2025-12-09 15:04:07,view_product,desktop,referral,IN-KA
U00135,9rnxgrfob3y9,2025-12-09 15:07:06,add_to_cart,desktop,referral,IN-KA
U00135,9rnxgrfob3y9,2025-12-09 15:10:37,checkout,desktop,referral,IN-KA
U00383,yog7sebkmcrg,2025-12-17 07:24:52,visit,mobile,organic,IN-AP
U00383,yog7sebkmcrg,2025-12-17 07:26:26,view_product,mobile,organic,IN-AP
U00383,yog7sebkmcrg,2025-12-17 07:31:53,add_to_cart,mobile,organic,IN-AP
U00383,yog7sebkmcrg,2025-12-17 07:36:40,checkout,mobile,organic,IN-AP
U00383,yog7sebkmcrg,2025-12-17 07:54:45,purchase,mobile,organic,IN-AP
U00387,21r5xrs8lvnd,2025-12-12 22:48:21,visit,mobile,social,IN-TN
U00387,21r5xrs8lvnd,2025-12-12 22:49:20,view_product,mobile,social,IN-TN
U00387,21r5xrs8lvnd,2025-12-12 22:51:28,add_to_cart,mobile,social,IN-TN
U00387,21r5xrs8lvnd,2025-12-12 23:06:15,checkout,mobile,social,IN-TN
U00238,vzyzchduiely,2025-11-01 18:25:19,visit,mobile,referral,IN-AP
U00238,vzyzchduiely,2025-11-01 18:27:51,view_product,mobile,referral,IN-AP
U00238,vzyzchduiely,2025-11-01 18:29:44,add_to_cart,mobile,referral,IN-AP
U00238,vzyzchduiely,2025-11-01 18:40:49,checkout,mobile,referral,IN-AP
U00354,ah9epqp7jv1b,2025-12-07 21:08:24,visit,mobile,organic,IN-MH
U00354,ah9epqp7jv1b,2025-12-07 21:09:12,view_product,mobile,organic,IN-MH
U00354,ah9epqp7jv1b,2025-12-07 21:10:05,add_to_cart,mobile,organic,IN-MH
U00338,jp1lo3gcgnmv,2025-11-10 15:30:54,visit,mobile,organic,IN-DL
U00338,jp1lo3gcgnmv,2025-11-10 15:34:31,view_product,mobile,organic,IN-DL
U00338,jp1lo3gcgnmv,2025-11-10 15:34:55,add_to_cart,mobile,organic,IN-DL
U00347,27bme6mrmdn0,2026-01-08 20:06:40,visit,mobile,referral,IN-MH
U00347,27bme6mrmdn0,2026-01-08 20:09:34,view_product,mobile,referral,IN-MH
U00347,27bme6mrmdn0,2026-01-08 20:14:29,add_to_cart,mobile,referral,IN-MH
U00203,coowhyagrgyf,2025-11-22 09:11:41,visit,mobile,organic,IN-KA
U00203,coowhyagrgyf,2025-11-22 09:14:16,view_product,mobile,organic,IN-KA
U00006,mpk20anmo9h4,2025-12-14 15:29:34,visit,desktop,organic,IN-DL
U00006,mpk20anmo9h4,2025-12-14 15:31:30,view_product,desktop,organic,IN-DL
U00391,tdjx85wnng66,2026-01-19 15:07:18,visit,mobile,organic,IN-KL
U00391,tdjx85wnng66,2026-01-19 15:10:14,view_product,mobile,organic,IN-KL
U00391,tdjx85wnng66,2026-01-19 15:14:16,add_to_cart,mobile,organic,IN-KL
U00391,tdjx85wnng66,2026-01-19 15:23:59,checkout,mobile,organic,IN-KL
U00391,tdjx85wnng66,2026-01-19 15:53:39,purchase,mobile,organic,IN-KL
U00164,6286hz7yzuga,2025-12-15 16:01:19,visit,mobile,organic,IN-TN
U00164,6286hz7yzuga,2025-12-15 16:02:25,view_product,mobile,organic,IN-TN
U00164,6286hz7yzuga,2025-12-15 16:06:34,add_to_cart,mobile,organic,IN-TN
U00164,6286hz7yzuga,2025-12-15 16:17:42,checkout,mobile,organic,IN-TN
U00164,6286hz7yzuga,2025-12-15 16:26:04,purchase,mobile,organic,IN-TN
U00062,wtex0wgjblk6,2026-01-12 00:07:09,visit,desktop,social,IN-TG
U00062,wtex0wgjblk6,2026-01-12 00:09:47,view_product,desktop,social,IN-TG
U00062,wtex0wgjblk6,2026-01-12 00:15:09,add_to_cart,desktop,social,IN-TG
U00062,wtex0wgjblk6,2026-01-12 00:17:48,checkout,desktop,social,IN-TG
U00384,exbk4d5crl0z,2026-01-17 15:09:03,visit,desktop,organic,IN-KA
U00384,exbk4d5crl0z,2026-01-17 15:11:15,view_product,desktop,organic,IN-KA
U00384,exbk4d5crl0z,2026-01-17 15:11:46,add_to_cart,desktop,organic,IN-KA
U00171,qdcl533a7s26,2025-11-04 12:19:36,visit,mobile,referral,IN-TN
U00171,qdcl533a7s26,2025-11-04 12:21:48,view_product,mobile,referral,IN-TN
U00171,qdcl533a7s26,2025-11-04 12:23:33,add_to_cart,mobile,referral,IN-TN
U00287,zs6kceccnobz,2026-01-18 16:54:56,visit,mobile,social,IN-KA
U00287,zs6kceccnobz,2026-01-18 16:56:57,view_product,mobile,social,IN-KA
U00287,zs6kceccnobz,2026-01-18 17:02:57,add_to_cart,mobile,social,IN-KA
U00016,qofasvsoiwet,2025-12-24 21:38:33,visit,mobile,paid_search,IN-MH
U00016,qofasvsoiwet,2025-12-24 21:40:12,view_product,mobile,paid_search,IN-MH
U00016,qofasvsoiwet,2025-12-24 21:45:06,add_to_cart,mobile,paid_search,IN-MH
U00016,qofasvsoiwet,2025-12-24 21:52:58,checkout,mobile,paid_search,IN-MH
U00016,qofasvsoiwet,2025-12-24 22:21:18,purchase,mobile,paid_search,IN-MH
U00388,25dswv9g9mrh,2026-01-02 09:43:06,visit,mobile,email,IN-KL
U00388,25dswv9g9mrh,2026-01-02 09:44:29,view_product,mobile,email,IN-KL
U00388,25dswv9g9mrh,2026-01-02 09:48:08,add_to_cart,mobile,email,IN-KL
U00388,25dswv9g9mrh,2026-01-02 09:53:49,checkout,mobile,email,IN-KL
U00388,25dswv9g9mrh,2026-01-02 10:14:48,purchase,mobile,email,IN-KL
U00243,ajnfe1dc1p51,2025-12-07 11:40:58,visit,desktop,organic,IN-MH
U00243,ajnfe1dc1p51,2025-12-07 11:43:16,view_product,desktop,organic,IN-MH
U00312,ckj4pzei08hv,2026-01-08 23:07:17,visit,mobile,email,IN-TN
U00312,ckj4pzei08hv,2026-01-08 23:10:59,view_product,mobile,email,IN-TN
U00260,y1ne0p54me5l,2025-11-11 14:23:52,visit,mobile,referral,IN-TG
U00260,y1ne0p54me5l,2025-11-11 14:25:17,view_product,mobile,referral,IN-TG
U00120,9i8s8mxsqeh2,2025-11-18 22:20:06,visit,mobile,organic,IN-DL
U00120,9i8s8mxsqeh2,2025-11-18 22:21:35,view_product,mobile,organic,IN-DL
U00120,9i8s8mxsqeh2,2025-11-18 22:26:36,add_to_cart,mobile,organic,IN-DL
U00364,dsd8shhi2oqs,2026-01-20 10:32:11,visit,mobile,organic,IN-KL
U00364,dsd8shhi2oqs,2026-01-20 10:33:56,view_product,mobile,organic,IN-KL
U00364,dsd8shhi2oqs,2026-01-20 10:34:21,add_to_cart,mobile,organic,IN-KL
U00364,dsd8shhi2oqs,2026-01-20 10:42:34,checkout,mobile,organic,IN-KL
U00364,dsd8shhi2oqs,2026-01-20 10:48:19,purchase,mobile,organic,IN-KL
U00089,3wfx2a12hq7j,2025-11-16 20:19:03,visit,mobile,paid_search,IN-KA
U00089,3wfx2a12hq7j,2025-11-16 20:19:19,view_product,mobile,paid_search,IN-KA
U00277,haf39irgsq5y,2025-12-23 15:08:56,visit,desktop,organic,IN-KA
U00277,haf39irgsq5y,2025-12-23 15:09:59,view_product,desktop,organic,IN-KA
U00277,haf39irgsq5y,2025-12-23 15:10:48,add_to_cart,desktop,organic,IN-KA
U00277,haf39irgsq5y,2025-12-23 15:19:04,checkout,desktop,organic,IN-KA
U00277,haf39irgsq5y,2025-12-23 15:37:26,purchase,desktop,organic,IN-KA
U00218,4obno5gxe6tu,2025-12-25 12:09:27,visit,desktop,paid_search,IN-AP
U00218,4obno5gxe6tu,2025-12-25 12:09:40,view_product,desktop,paid_search,IN-AP
U00004,aemg0t6ztq62,2025-12-28 19:04:52,visit,tablet,social,IN-TN
U00004,aemg0t6ztq62,2025-12-28 19:07:33,view_product,tablet,social,IN-TN
U00004,aemg0t6ztq62,2025-12-28 19:08:39,add_to_cart,tablet,social,IN-TN
U00004,aemg0t6ztq62,2025-12-28 19:10:43,checkout,tablet,social,IN-TN
U00004,aemg0t6ztq62,2025-12-28 19:26:34,purchase,tablet,social,IN-TN
U00320,lyoy8jokro13,2025-11-18 15:04:51,visit,mobile,organic,IN-TN
U00320,lyoy8jokro13,2025-11-18 15:07:01,view_product,mobile,organic,IN-TN
U00320,lyoy8jokro13,2025-11-18 15:10:07,add_to_cart,mobile,organic,IN-TN
U00292,z3mh8bat2efr,2025-11-20 10:42:53,visit,mobile,email,IN-MH
U00292,z3mh8bat2efr,2025-11-20 10:43:56,view_product,mobile,email,IN-MH
U00292,z3mh8bat2efr,2025-11-20 10:44:44,add_to_cart,mobile,email,IN-MH
U00280,fj9xxs1rmuyl,2025-12-31 14:46:46,visit,mobile,paid_search,IN-KA
U00280,fj9xxs1rmuyl,2025-12-31 14:47:12,view_product,mobile,paid_search,IN-KA
U00280,fj9xxs1rmuyl,2025-12-31 14:49:27,add_to_cart,mobile,paid_search,IN-KA
U00255,8tr5rgsm7pyb,2026-01-08 09:41:55,visit,desktop,email,IN-TN
U00255,8tr5rgsm7pyb,2026-01-08 09:45:51,view_product,desktop,email,IN-TN
U00389,xr8w94sursew,2026-01-01 20:24:30,visit,desktop,email,IN-MH
U00389,xr8w94sursew,2026-01-01 20:28:21,view_product,desktop,email,IN-MH
U00389,xr8w94sursew,2026-01-01 20:33:55,add_to_cart,desktop,email,IN-MH
U00389,xr8w94sursew,2026-01-01 20:48:09,checkout,desktop,email,IN-MH
U00389,xr8w94sursew,2026-01-01 20:52:40,purchase,desktop,email,IN-MH
U00095,wi4mhw2qd9hj,2025-12-03 10:14:46,visit,mobile,organic,IN-DL
U00095,wi4mhw2qd9hj,2025-12-03 10:17:46,view_product,mobile,organic,IN-DL
U00095,wi4mhw2qd9hj,2025-12-03 10:21:41,add_to_cart,mobile,organic,IN-DL
U00297,vrglj4n4kaao,2026-01-16 18:42:33,visit,tablet,paid_search,IN-DL
U00297,vrglj4n4kaao,2026-01-16 18:45:02,view_product,tablet,paid_search,IN-DL
U00297,vrglj4n4kaao,2026-01-16 18:45:37,add_to_cart,tablet,paid_search,IN-DL
U00297,vrglj4n4kaao,2026-01-16 18:58:35,checkout,tablet,paid_search,IN-DL
U00267,tvjulobghu7k,2025-12-29 20:05:09,visit,mobile,organic,IN-KL
U00267,tvjulobghu7k,2025-12-29 20:07:51,view_product,mobile,organic,IN-KL
U00134,ug64pcyhf75m,2025-12-04 11:37:43,visit,mobile,organic,IN-MH
U00134,ug64pcyhf75m,2025-12-04 11:39:12,view_product,mobile,organic,IN-MH
U00134,ug64pcyhf75m,2025-12-04 11:42:48,add_to_cart,mobile,organic,IN-MH
U00134,ug64pcyhf75m,2025-12-04 11:55:42,checkout,mobile,organic,IN-MH
U00134,ug64pcyhf75m,2025-12-04 11:58:19,purchase,mobile,organic,IN-MH
U00299,5xpko8og6ou8,2025-11-07 13:19:36,visit,mobile,social,IN-KL
U00299,5xpko8og6ou8,2025-11-07 13:20:07,view_product,mobile,social,IN-KL
U00299,5xpko8og6ou8,2025-11-07 13:23:45,add_to_cart,mobile,social,IN-KL
U00299,5xpko8og6ou8,2025-11-07 13:29:28,checkout,mobile,social,IN-KL
U00299,5xpko8og6ou8,2025-11-07 13:53:16,purchase,mobile,social,IN-KL
U00220,w5419qi4mva0,2025-11-19 19:31:26,visit,mobile,paid_search,IN-MH
U00220,w5419qi4mva0,2025-11-19 19:32:35,view_product,mobile,paid_search,IN-MH
U00122,x53awmhq3di9,2025-12-21 11:47:53,visit,desktop,referral,IN-MH
U00122,x53awmhq3di9,2025-12-21 11:49:22,view_product,desktop,referral,IN-MH
U00122,x53awmhq3di9,2025-12-21 11:50:56,add_to_cart,desktop,referral,IN-MH
U00209,7vbkmj9qnhxw,2025-12-15 18:14:20,visit,mobile,organic,IN-DL
U00209,7vbkmj9qnhxw,2025-12-15 18:17:33,view_product,mobile,organic,IN-DL
U00209,7vbkmj9qnhxw,2025-12-15 18:21:40,add_to_cart,mobile,organic,IN-DL
U00209,7vbkmj9qnhxw,2025-12-15 18:29:58,checkout,mobile,organic,IN-DL
U00078,bdtu3xb26uob,2026-01-04 09:07:33,visit,mobile,social,IN-MH
U00078,bdtu3xb26uob,2026-01-04 09:11:13,view_product,mobile,social,IN-MH
U00078,bdtu3xb26uob,2026-01-04 09:14:28,add_to_cart,mobile,social,IN-MH
U00084,capdy85lkuga,2025-11-16 13:18:10,visit,mobile,email,IN-DL
U00084,capdy85lkuga,2025-11-16 13:18:33,view_product,mobile,email,IN-DL
U00084,capdy85lkuga,2025-11-16 13:20:15,add_to_cart,mobile,email,IN-DL
U00084,capdy85lkuga,2025-11-16 13:31:36,checkout,mobile,email,IN-DL
U00020,nex6isygdcqu,2025-12-12 18:13:40,visit,mobile,paid_search,IN-MH
U00020,nex6isygdcqu,2025-12-12 18:14:03,view_product,mobile,paid_search,IN-MH
U00082,q0dhxg3ldr4j,2025-11-12 17:44:24,visit,mobile,paid_search,IN-TG
U00082,q0dhxg3ldr4j,2025-11-12 17:45:44,view_product,mobile,paid_search,IN-TG
U00092,8u237c6f49p9,2025-11-23 13:38:54,visit,mobile,organic,IN-DL
U00092,8u237c6f49p9,2025-11-23 13:41:06,view_product,mobile,organic,IN-DL
U00212,2kmezk6domuz,2026-01-16 19:57:15,visit,mobile,organic,IN-KA
U00212,2kmezk6domuz,2026-01-16 19:58:11,view_product,mobile,organic,IN-KA
U00396,zsgtmh8projw,2025-11-06 10:03:23,visit,mobile,organic,IN-KA
U00396,zsgtmh8projw,2025-11-06 10:04:37,view_product,mobile,organic,IN-KA
U00396,zsgtmh8projw,2025-11-06 10:08:48,add_to_cart,mobile,organic,IN-KA
U00396,zsgtmh8projw,2025-11-06 10:21:23,checkout,mobile,organic,IN-KA
U00065,bpov5bi6htnq,2025-11-06 22:23:55,visit,desktop,paid_search,IN-KL
U00065,bpov5bi6htnq,2025-11-06 22:26:37,view_product,desktop,paid_search,IN-KL
U00385,ziby5yyuj20w,2026-01-17 11:57:11,visit,desktop,paid_search,IN-AP
U00385,ziby5yyuj20w,2026-01-17 11:57:51,view_product,desktop,paid_search,IN-AP
U00397,7xdk1cw99gou,2025-12-22 13:27:05,visit,mobile,paid_search,IN-AP
U00397,7xdk1cw99gou,2025-12-22 13:30:51,view_product,mobile,paid_search,IN-AP
U00397,7xdk1cw99gou,2025-12-22 13:31:40,add_to_cart,mobile,paid_search,IN-AP
U00397,7xdk1cw99gou,2025-12-22 13:45:50,checkout,mobile,paid_search,IN-AP
U00397,7xdk1cw99gou,2025-12-22 13:48:51,purchase,mobile,paid_search,IN-AP
U00123,vhl30daq3t1b,2025-12-21 16:06:03,visit,desktop,organic,IN-AP
U00123,vhl30daq3t1b,2025-12-21 16:09:02,view_product,desktop,organic,IN-AP
U00123,vhl30daq3t1b,2025-12-21 16:13:19,add_to_cart,desktop,organic,IN-AP
U00304,t7ltrljmdomb,2026-01-11 22:17:48,visit,mobile,referral,IN-TN
U00304,t7ltrljmdomb,2026-01-11 22:21:26,view_product,mobile,referral,IN-TN
U00304,t7ltrljmdomb,2026-01-11 22:22:10,add_to_cart,mobile,referral,IN-TN
U00341,j4a8b6n3m2cp,2025-11-14 17:58:07,visit,mobile,social,IN-AP
U00341,j4a8b6n3m2cp,2025-11-14 17:58:27,view_product,mobile,social,IN-AP
U00033,gjgd3awm4bgu,2025-12-20 15:17:48,visit,mobile,referral,IN-TG
U00033,gjgd3awm4bgu,2025-12-20 15:18:44,view_product,mobile,referral,IN-TG
U00033,gjgd3awm4bgu,2025-12-20 15:20:46,add_to_cart,mobile,referral,IN-TG
U00362,b91kzkttiy85,2025-12-01 11:13:16,visit,mobile,organic,IN-MH
U00362,b91kzkttiy85,2025-12-01 11:15:18,view_product,mobile,organic,IN-MH
U00362,b91kzkttiy85,2025-12-01 11:18:33,add_to_cart,mobile,organic,IN-MH
U00362,b91kzkttiy85,2025-12-01 11:28:12,checkout,mobile,organic,IN-MH
U00362,b91kzkttiy85,2025-12-01 11:42:14,purchase,mobile,organic,IN-MH
U00175,wmygfe88tfo0,2026-01-16 12:12:23,visit,desktop,organic,IN-TN
U00175,wmygfe88tfo0,2026-01-16 12:13:31,view_product,desktop,organic,IN-TN
U00175,wmygfe88tfo0,2026-01-16 12:18:17,add_to_cart,desktop,organic,IN-TN
U00307,r938c0ae23zx,2025-12-18 12:08:02,visit,mobile,organic,IN-TG
U00307,r938c0ae23zx,2025-12-18 12:09:55,view_product,mobile,organic,IN-TG
U00307,r938c0ae23zx,2025-12-18 12:10:19,add_to_cart,mobile,organic,IN-TG
U00307,r938c0ae23zx,2025-12-18 12:24:30,checkout,mobile,organic,IN-TG
U00307,r938c0ae23zx,2025-12-18 12:37:24,purchase,mobile,organic,IN-TG
U00155,ynmlmel3d1r3,2025-12-14 16:23:59,visit,mobile,social,IN-TN
U00155,ynmlmel3d1r3,2025-12-14 16:27:45,view_product,mobile,social,IN-TN
U00155,ynmlmel3d1r3,2025-12-14 16:28:25,add_to_cart,mobile,social,IN-TN
U00155,ynmlmel3d1r3,2025-12-14 16:30:02,checkout,mobile,social,IN-TN
U00230,kn9vzu6n7enf,2026-01-14 21:49:31,visit,desktop,organic,IN-KA
U00230,kn9vzu6n7enf,2026-01-14 21:52:49,view_product,desktop,organic,IN-KA
U00230,kn9vzu6n7enf,2026-01-14 21:55:02,add_to_cart,desktop,organic,IN-KA
U00230,kn9vzu6n7enf,2026-01-14 22:08:12,checkout,desktop,organic,IN-KA
U00230,kn9vzu6n7enf,2026-01-14 22:29:20,purchase,desktop,organic,IN-KA
U00296,jg7pa55vi96a,2025-11-05 22:06:28,visit,desktop,paid_search,IN-KA
U00296,jg7pa55vi96a,2025-11-05 22:08:25,view_product,desktop,paid_search,IN-KA
U00296,jg7pa55vi96a,2025-11-05 22:13:22,add_to_cart,desktop,paid_search,IN-KA
U00075,qekjapmptqr7,2026-01-16 11:22:13,visit,mobile,paid_search,IN-AP
U00075,qekjapmptqr7,2026-01-16 11:25:04,view_product,mobile,paid_search,IN-AP
U00075,qekjapmptqr7,2026-01-16 11:29:34,add_to_cart,mobile,paid_search,IN-AP
U00169,fa9h1xeznc1n,2025-11-23 16:03:43,visit,desktop,paid_search,IN-TG
U00169,fa9h1xeznc1n,2025-11-23 16:04:08,view_product,desktop,paid_search,IN-TG
U00169,fa9h1xeznc1n,2025-11-23 16:08:52,add_to_cart,desktop,paid_search,IN-TG
U00246,e9i6gknqwldh,2025-11-18 10:04:22,visit,mobile,organic,IN-DL
U00246,e9i6gknqwldh,2025-11-18 10:05:14,view_product,mobile,organic,IN-DL
U00352,97umghorbqgr,2025-11-10 18:28:48,visit,mobile,organic,IN-TN
U00352,97umghorbqgr,2025-11-10 18:31:37,view_product,mobile,organic,IN-TN
U00352,97umghorbqgr,2025-11-10 18:32:44,add_to_cart,mobile,organic,IN-TN
U00352,97umghorbqgr,2025-11-10 18:34:05,checkout,mobile,organic,IN-TN
U00342,ai7eooop5ot4,2026-01-01 05:07:55,visit,mobile,social,IN-TN
U00342,ai7eooop5ot4,2026-01-01 05:10:07,view_product,mobile,social,IN-TN
U00098,fsq1x2hnbvsl,2025-12-02 04:22:44,visit,desktop,paid_search,IN-DL
U00098,fsq1x2hnbvsl,2025-12-02 04:23:38,view_product,desktop,paid_search,IN-DL
U00094,jp7yhx89l7zj,2025-12-04 02:20:34,visit,mobile,paid_search,IN-MH
U00094,jp7yhx89l7zj,2025-12-04 02:20:52,view_product,mobile,paid_search,IN-MH
U00094,jp7yhx89l7zj,2025-12-04 02:23:29,add_to_cart,mobile,paid_search,IN-MH
U00094,jp7yhx89l7zj,2025-12-04 02:27:59,checkout,mobile,paid_search,IN-MH
U00094,jp7yhx89l7zj,2025-12-04 02:34:50,purchase,mobile,paid_search,IN-MH
U00002,kaabx79asbwz,2026-01-19 12:30:39,visit,mobile,paid_search,IN-TG
U00002,kaabx79asbwz,2026-01-19 12:34:34,view_product,mobile,paid_search,IN-TG
U00002,kaabx79asbwz,2026-01-19 12:39:14,add_to_cart,mobile,paid_search,IN-TG
U00118,ijqe4yu5otl8,2026-01-20 09:18:05,visit,mobile,organic,IN-MH
U00118,ijqe4yu5otl8,2026-01-20 09:19:47,view_product,mobile,organic,IN-MH
U00118,ijqe4yu5otl8,2026-01-20 09:22:55,add_to_cart,mobile,organic,IN-MH
U00118,ijqe4yu5otl8,2026-01-20 09:35:46,checkout,mobile,organic,IN-MH
U00149,p81j2jcxewtn,2025-12-30 12:39:40,visit,mobile,paid_search,IN-AP
U00149,p81j2jcxewtn,2025-12-30 12:43:26,view_product,mobile,paid_search,IN-AP
U00149,p81j2jcxewtn,2025-12-30 12:47:42,add_to_cart,mobile,paid_search,IN-AP
U00149,p81j2jcxewtn,2025-12-30 13:01:37,checkout,mobile,paid_search,IN-AP
U00012,3fghqgm8dxos,2025-12-01 21:12:15,visit,desktop,organic,IN-DL
U00012,3fghqgm8dxos,2025-12-01 21:15:55,view_product,desktop,organic,IN-DL
U00012,3fghqgm8dxos,2025-12-01 21:16:49,add_to_cart,desktop,organic,IN-DL
U00012,3fghqgm8dxos,2025-12-01 21:21:24,checkout,desktop,organic,IN-DL
U00290,ywnp99qwr5uw,2025-11-15 22:15:30,visit,mobile,organic,IN-MH
U00290,ywnp99qwr5uw,2025-11-15 22:17:23,view_product,mobile,organic,IN-MH
U00290,ywnp99qwr5uw,2025-11-15 22:18:15,add_to_cart,mobile,organic,IN-MH
U00290,ywnp99qwr5uw,2025-11-15 22:30:36,checkout,mobile,organic,IN-MH
U00290,ywnp99qwr5uw,2025-11-15 22:40:48,purchase,mobile,organic,IN-MH
U00313,lcvrboh1zgd1,2026-01-14 12:47:36,visit,desktop,referral,IN-TN
U00313,lcvrboh1zgd1,2026-01-14 12:48:50,view_product,desktop,referral,IN-TN
U00394,s6hrzpsax8lv,2025-12-31 00:43:24,visit,desktop,paid_search,IN-MH
U00394,s6hrzpsax8lv,2025-12-31 00:44:06,view_product,desktop,paid_search,IN-MH
U00394,s6hrzpsax8lv,2025-12-31 00:47:29,add_to_cart,desktop,paid_search,IN-MH
U00394,s6hrzpsax8lv,2025-12-31 00:53:55,checkout,desktop,paid_search,IN-MH
U00394,s6hrzpsax8lv,2025-12-31 01:16:41,purchase,desktop,paid_search,IN-MH
U00202,ev0d2j1p2dc4,2025-11-02 11:11:10,visit,mobile,organic,IN-MH
U00202,ev0d2j1p2dc4,2025-11-02 11:14:35,view_product,mobile,organic,IN-MH
U00202,ev0d2j1p2dc4,2025-11-02 11:16:45,add_to_cart,mobile,organic,IN-MH
U00165,c5qk7dhtq4t1,2025-12-23 19:18:06,visit,mobile,referral,IN-TG
U00165,c5qk7dhtq4t1,2025-12-23 19:19:25,view_product,mobile,referral,IN-TG
U00105,hszu06vw04g3,2025-11-03 20:23:38,visit,desktop,paid_search,IN-AP
U00105,hszu06vw04g3,2025-11-03 20:25:36,view_product,desktop,paid_search,IN-AP
U00226,6f61x0uy8gww,2026-01-14 10:36:00,visit,desktop,organic,IN-MH
U00226,6f61x0uy8gww,2026-01-14 10:37:43,view_product,desktop,organic,IN-MH
U00226,6f61x0uy8gww,2026-01-14 10:43:16,add_to_cart,desktop,organic,IN-MH
U00323,mf4175ejp8hq,2026-01-01 15:22:20,visit,desktop,social,IN-TN
U00323,mf4175ejp8hq,2026-01-01 15:23:51,view_product,desktop,social,IN-TN
U00323,mf4175ejp8hq,2026-01-01 15:25:02,add_to_cart,desktop,social,IN-TN
U00323,mf4175ejp8hq,2026-01-01 15:29:21,checkout,desktop,social,IN-TN
U00323,mf4175ejp8hq,2026-01-01 15:32:43,purchase,desktop,social,IN-TN
U00217,6ijlbdunu8je,2026-01-04 17:09:34,visit,mobile,paid_search,IN-KA
U00217,6ijlbdunu8je,2026-01-04 17:10:11,view_product,mobile,paid_search,IN-KA
U00217,6ijlbdunu8je,2026-01-04 17:14:03,add_to_cart,mobile,paid_search,IN-KA
U00217,6ijlbdunu8je,2026-01-04 17:27:29,checkout,mobile,paid_search,IN-KA
U00217,6ijlbdunu8je,2026-01-04 17:39:46,purchase,mobile,paid_search,IN-KA
U00177,gnm1jukmu1ow,2025-12-19 21:56:47,visit,mobile,social,IN-KL
U00177,gnm1jukmu1ow,2025-12-19 21:58:43,view_product,mobile,social,IN-KL
U00177,gnm1jukmu1ow,2025-12-19 22:01:51,add_to_cart,mobile,social,IN-KL
U00177,gnm1jukmu1ow,2025-12-19 22:13:32,checkout,mobile,social,IN-KL
U00023,vvlo2g10j2x1,2025-11-08 21:52:31,visit,mobile,organic,IN-TN
U00023,vvlo2g10j2x1,2025-11-08 21:52:52,view_product,mobile,organic,IN-TN
U00023,vvlo2g10j2x1,2025-11-08 21:53:14,add_to_cart,mobile,organic,IN-TN
U00023,vvlo2g10j2x1,2025-11-08 22:03:23,checkout,mobile,organic,IN-TN
U00023,vvlo2g10j2x1,2025-11-08 22:12:29,purchase,mobile,organic,IN-TN
U00074,v5jt228r9ddk,2025-11-04 22:23:11,visit,desktop,paid_search,IN-KA
U00074,v5jt228r9ddk,2025-11-04 22:25:20,view_product,desktop,paid_search,IN-KA
U00074,v5jt228r9ddk,2025-11-04 22:31:14,add_to_cart,desktop,paid_search,IN-KA
U00074,v5jt228r9ddk,2025-11-04 22:44:08,checkout,desktop,paid_search,IN-KA
U00074,v5jt228r9ddk,2025-11-04 23:07:14,purchase,desktop,paid_search,IN-KA
U00334,ww5k4b8ps3dk,2026-01-06 10:31:06,visit,mobile,organic,IN-TN
U00334,ww5k4b8ps3dk,2026-01-06 10:34:01,view_product,mobile,organic,IN-TN
U00334,ww5k4b8ps3dk,2026-01-06 10:34:24,add_to_cart,mobile,organic,IN-TN
U00334,ww5k4b8ps3dk,2026-01-06 10:45:42,checkout,mobile,organic,IN-TN
U00334,ww5k4b8ps3dk,2026-01-06 10:54:05,purchase,mobile,organic,IN-TN
U00368,izlf1y9ag1c6,2025-11-24 10:51:39,visit,desktop,paid_search,IN-KA
U00368,izlf1y9ag1c6,2025-11-24 10:54:45,view_product,desktop,paid_search,IN-KA
U00368,izlf1y9ag1c6,2025-11-24 10:56:54,add_to_cart,desktop,paid_search,IN-KA
U00368,izlf1y9ag1c6,2025-11-24 11:11:44,checkout,desktop,paid_search,IN-KA
U00368,izlf1y9ag1c6,2025-11-24 11:22:11,purchase,desktop,paid_search,IN-KA
U00153,mjg6rbj5nqe2,2026-01-03 17:25:11,visit,desktop,paid_search,IN-DL
U00153,mjg6rbj5nqe2,2026-01-03 17:26:44,view_product,desktop,paid_search,IN-DL
U00081,3jb6fi3s8uus,2025-11-16 16:07:40,visit,mobile,paid_search,IN-DL
U00081,3jb6fi3s8uus,2025-11-16 16:08:19,view_product,mobile,paid_search,IN-DL
U00381,aif17r3ncq3q,2025-12-12 11:34:25,visit,desktop,organic,IN-KA
U00381,aif17r3ncq3q,2025-12-12 11:35:06,view_product,desktop,organic,IN-KA
U00381,aif17r3ncq3q,2025-12-12 11:40:08,add_to_cart,desktop,organic,IN-KA
U00017,eci8q4mc4r4n,2025-12-24 13:39:00,visit,tablet,paid_search,IN-MH
U00017,eci8q4mc4r4n,2025-12-24 13:40:33,view_product,tablet,paid_search,IN-MH
U00017,eci8q4mc4r4n,2025-12-24 13:44:48,add_to_cart,tablet,paid_search,IN-MH
U00115,9854guw7sg18,2026-01-03 16:13:38,visit,mobile,organic,IN-KL
U00115,9854guw7sg18,2026-01-03 16:16:19,view_product,mobile,organic,IN-KL
U00115,9854guw7sg18,2026-01-03 16:18:37,add_to_cart,mobile,organic,IN-KL
U00115,9854guw7sg18,2026-01-03 16:23:12,checkout,mobile,organic,IN-KL
U00034,4fc0wu1pa7zr,2025-11-01 17:02:30,visit,mobile,organic,IN-TN
U00034,4fc0wu1pa7zr,2025-11-01 17:03:19,view_product,mobile,organic,IN-TN
U00034,4fc0wu1pa7zr,2025-11-01 17:05:45,add_to_cart,mobile,organic,IN-TN
U00034,4fc0wu1pa7zr,2025-11-01 17:19:18,checkout,mobile,organic,IN-TN
U00034,4fc0wu1pa7zr,2025-11-01 17:41:23,purchase,mobile,organic,IN-TN
U00060,wogm4ocw6t2s,2025-11-03 18:24:56,visit,mobile,organic,IN-TN
U00060,wogm4ocw6t2s,2025-11-03 18:26:32,view_product,mobile,organic,IN-TN
U00060,wogm4ocw6t2s,2025-11-03 18:27:18,add_to_cart,mobile,organic,IN-TN
U00060,wogm4ocw6t2s,2025-11-03 18:34:04,checkout,mobile,organic,IN-TN
U00344,duv06m58dijt,2025-11-01 10:00:16,visit,desktop,organic,IN-KA
U00344,duv06m58dijt,2025-11-01 10:00:55,view_product,desktop,organic,IN-KA
U00344,duv06m58dijt,2025-11-01 10:02:15,add_to_cart,desktop,organic,IN-KA
U00344,duv06m58dijt,2025-11-01 10:03:57,checkout,desktop,organic,IN-KA
U00263,t2b7vqb9yopd,2025-12-01 14:46:00,visit,mobile,organic,IN-MH
U00263,t2b7vqb9yopd,2025-12-01 14:46:42,view_product,mobile,organic,IN-MH
U00138,rqkmpiyrrlay,2025-12-16 09:33:42,visit,mobile,organic,IN-TN
U00138,rqkmpiyrrlay,2025-12-16 09:33:57,view_product,mobile,organic,IN-TN
U00168,48ii4biwc4wq,2025-12-25 18:21:17,visit,mobile,organic,IN-MH
U00168,48ii4biwc4wq,2025-12-25 18:22:25,view_product,mobile,organic,IN-MH
U00168,48ii4biwc4wq,2025-12-25 18:23:34,add_to_cart,mobile,organic,IN-MH
U00318,n9xxmkl2e6r4,2026-01-07 15:11:45,visit,desktop,organic,IN-KA
U00318,n9xxmkl2e6r4,2026-01-07 15:14:51,view_product,desktop,organic,IN-KA
U00318,n9xxmkl2e6r4,2026-01-07 15:20:47,add_to_cart,desktop,organic,IN-KA
U00261,ngjmaw5xsfif,2025-11-20 06:18:19,visit,mobile,organic,IN-DL
U00261,ngjmaw5xsfif,2025-11-20 06:18:31,view_product,mobile,organic,IN-DL
U00261,ngjmaw5xsfif,2025-11-20 06:20:27,add_to_cart,mobile,organic,IN-DL
U00261,ngjmaw5xsfif,2025-11-20 06:30:01,checkout,mobile,organic,IN-DL
U00079,jpmal997th2i,2025-12-29 21:36:35,visit,mobile,email,IN-TG
U00079,jpmal997th2i,2025-12-29 21:38:43,view_product,mobile,email,IN-TG
U00079,jpmal997th2i,2025-12-29 21:41:43,add_to_cart,mobile,email,IN-TG
U00180,lbvqb0lgks41,2026-01-11 13:40:56,visit,mobile,organic,IN-MH
U00180,lbvqb0lgks41,2026-01-11 13:41:34,view_product,mobile,organic,IN-MH
U00180,lbvqb0lgks41,2026-01-11 13:45:18,add_to_cart,mobile,organic,IN-MH
U00180,lbvqb0lgks41,2026-01-11 13:56:35,checkout,mobile,organic,IN-MH
U00128,qbijt0sbqk7l,2025-11-07 09:16:33,visit,desktop,paid_search,IN-TN
U00128,qbijt0sbqk7l,2025-11-07 09:18:43,view_product,desktop,paid_search,IN-TN
U00128,qbijt0sbqk7l,2025-11-07 09:19:20,add_to_cart,desktop,paid_search,IN-TN
U00152,fnxaaiq1psbv,2026-01-02 14:54:30,visit,mobile,organic,IN-TN
U00152,fnxaaiq1psbv,2026-01-02 14:57:05,view_product,mobile,organic,IN-TN
U00152,fnxaaiq1psbv,2026-01-02 14:58:31,add_to_cart,mobile,organic,IN-TN
U00112,4z00vml12x51,2026-01-12 20:56:04,visit,mobile,paid_search,IN-KA
U00112,4z00vml12x51,2026-01-12 20:59:38,view_product,mobile,paid_search,IN-KA
U00222,u41oikayg91h,2025-12-21 09:28:16,visit,mobile,paid_search,IN-KA
U00222,u41oikayg91h,2025-12-21 09:31:02,view_product,mobile,paid_search,IN-KA
U00222,u41oikayg91h,2025-12-21 09:31:53,add_to_cart,mobile,paid_search,IN-KA
U00325,9dztzoyi0vss,2025-11-19 17:20:12,visit,mobile,organic,IN-TN
U00325,9dztzoyi0vss,2025-11-19 17:20:29,view_product,mobile,organic,IN-TN
U00333,gxchhb5t05ra,2025-11-27 23:39:56,visit,mobile,referral,IN-TN
U00333,gxchhb5t05ra,2025-11-27 23:42:57,view_product,mobile,referral,IN-TN
U00333,gxchhb5t05ra,2025-11-27 23:45:28,add_to_cart,mobile,referral,IN-TN
U00333,gxchhb5t05ra,2025-11-27 23:58:46,checkout,mobile,referral,IN-TN
U00144,v1n8m2f4oww7,2026-01-08 15:41:08,visit,desktop,referral,IN-AP
U00144,v1n8m2f4oww7,2026-01-08 15:42:01,view_product,desktop,referral,IN-AP
U00144,v1n8m2f4oww7,2026-01-08 15:45:01,add_to_cart,desktop,referral,IN-AP
U00282,6hblwaqvumki,2025-11-10 13:36:56,visit,mobile,paid_search,IN-DL
U00282,6hblwaqvumki,2025-11-10 13:40:38,view_product,mobile,paid_search,IN-DL
U00282,6hblwaqvumki,2025-11-10 13:41:05,add_to_cart,mobile,paid_search,IN-DL
U00282,6hblwaqvumki,2025-11-10 13:42:11,checkout,mobile,paid_search,IN-DL
U00351,jhc4xkmw4lvr,2025-12-24 21:29:16,visit,mobile,organic,IN-MH
U00351,jhc4xkmw4lvr,2025-12-24 21:31:15,view_product,mobile,organic,IN-MH
U00091,w4rilz3ooa3r,2025-12-05 22:34:12,visit,desktop,paid_search,IN-AP
U00091,w4rilz3ooa3r,2025-12-05 22:35:57,view_product,desktop,paid_search,IN-AP
U00091,w4rilz3ooa3r,2025-12-05 22:40:04,add_to_cart,desktop,paid_search,IN-AP
U00091,w4rilz3ooa3r,2025-12-05 22:46:55,checkout,desktop,paid_search,IN-AP
U00091,w4rilz3ooa3r,2025-12-05 22:55:40,purchase,desktop,paid_search,IN-AP
U00140,ne3vzu5x1s8y,2025-12-22 20:51:50,visit,mobile,paid_search,IN-MH
U00140,ne3vzu5x1s8y,2025-12-22 20:54:42,view_product,mobile,paid_search,IN-MH
U00140,ne3vzu5x1s8y,2025-12-22 20:57:24,add_to_cart,mobile,paid_search,IN-MH
U00140,ne3vzu5x1s8y,2025-12-22 21:10:54,checkout,mobile,paid_search,IN-MH
U00080,o1ldzidog6qq,2026-01-02 18:52:11,visit,desktop,organic,IN-KA
U00080,o1ldzidog6qq,2026-01-02 18:54:01,view_product,desktop,organic,IN-KA
U00080,o1ldzidog6qq,2026-01-02 18:56:03,add_to_cart,desktop,organic,IN-KA
U00225,slqebkkxmtnd,2025-11-03 13:59:21,visit,mobile,organic,IN-AP
U00225,slqebkkxmtnd,2025-11-03 14:02:10,view_product,mobile,organic,IN-AP
U00040,66qq8jho4fbq,2025-12-30 12:25:21,visit,mobile,organic,IN-DL
U00040,66qq8jho4fbq,2025-12-30 12:28:15,view_product,mobile,organic,IN-DL
U00040,66qq8jho4fbq,2025-12-30 12:33:51,add_to_cart,mobile,organic,IN-DL
U00010,33unakyuhcp7,2025-11-08 10:02:35,visit,mobile,paid_search,IN-TN
U00010,33unakyuhcp7,2025-11-08 10:06:33,view_product,mobile,paid_search,IN-TN
U00151,6dfx5ukhtmi4,2025-11-18 16:04:18,visit,desktop,organic,IN-TG
U00151,6dfx5ukhtmi4,2025-11-18 16:07:58,view_product,desktop,organic,IN-TG
U00151,6dfx5ukhtmi4,2025-11-18 16:09:21,add_to_cart,desktop,organic,IN-TG
U00201,co9l8g8ituit,2026-01-17 20:11:59,visit,mobile,organic,IN-KA
U00201,co9l8g8ituit,2026-01-17 20:13:34,view_product,mobile,organic,IN-KA
U00201,co9l8g8ituit,2026-01-17 20:17:32,add_to_cart,mobile,organic,IN-KA
U00201,co9l8g8ituit,2026-01-17 20:30:20,checkout,mobile,organic,IN-KA
U00264,wrknyrwekh6w,2025-11-28 13:39:59,visit,desktop,paid_search,IN-KA
U00264,wrknyrwekh6w,2025-11-28 13:40:17,view_product,desktop,paid_search,IN-KA
U00190,wsxlq5msssua,2025-12-03 15:24:30,visit,desktop,social,IN-TG
U00190,wsxlq5msssua,2025-12-03 15:26:34,view_product,desktop,social,IN-TG
U00190,wsxlq5msssua,2025-12-03 15:28:58,add_to_cart,desktop,social,IN-TG
U00003,1cqw9dxcv4qs,2025-12-15 12:12:32,visit,mobile,organic,IN-TN
U00003,1cqw9dxcv4qs,2025-12-15 12:16:19,view_product,mobile,organic,IN-TN
U00003,1cqw9dxcv4qs,2025-12-15 12:17:45,add_to_cart,mobile,organic,IN-TN
U00003,1cqw9dxcv4qs,2025-12-15 12:29:56,checkout,mobile,organic,IN-TN
U00003,1cqw9dxcv4qs,2025-12-15 12:54:32,purchase,mobile,organic,IN-TN
U00358,2ypwlqtdz4lg,2025-11-08 16:06:25,visit,mobile,email,IN-KA
U00358,2ypwlqtdz4lg,2025-11-08 16:08:12,view_product,mobile,email,IN-KA
U00358,2ypwlqtdz4lg,2025-11-08 16:12:46,add_to_cart,mobile,email,IN-KA
U00358,2ypwlqtdz4lg,2025-11-08 16:19:57,checkout,mobile,email,IN-KA
U00376,9ifyr7cztpwd,2026-01-11 10:50:15,visit,desktop,organic,IN-KL
U00376,9ifyr7cztpwd,2026-01-11 10:51:40,view_product,desktop,organic,IN-KL
U00363,6f3o559mk8d1,2025-11-11 18:18:13,visit,desktop,referral,IN-AP
U00363,6f3o559mk8d1,2025-11-11 18:18:29,view_product,desktop,referral,IN-AP
U00363,6f3o559mk8d1,2025-11-11 18:21:41,add_to_cart,desktop,referral,IN-AP
U00037,los3ytdhqqjj,2025-11-21 07:08:56,visit,desktop,organic,IN-TN
U00037,los3ytdhqqjj,2025-11-21 07:12:56,view_product,desktop,organic,IN-TN
U00014,s9dy5ysfwriw,2025-12-31 21:24:13,visit,mobile,paid_search,IN-KL
U00014,s9dy5ysfwriw,2025-12-31 21:24:53,view_product,mobile,paid_search,IN-KL
U00014,s9dy5ysfwriw,2025-12-31 21:30:27,add_to_cart,mobile,paid_search,IN-KL
U00014,s9dy5ysfwriw,2025-12-31 21:32:19,checkout,mobile,paid_search,IN-KL
U00014,s9dy5ysfwriw,2025-12-31 21:36:49,purchase,mobile,paid_search,IN-KL
U00197,01z8seal29yt,2025-12-28 12:53:12,visit,desktop,referral,IN-KA
U00197,01z8seal29yt,2025-12-28 12:56:10,view_product,desktop,referral,IN-KA
U00166,vgu58png4lq2,2025-11-18 05:07:35,visit,desktop,organic,IN-TG
U00166,vgu58png4lq2,2025-11-18 05:10:12,view_product,desktop,organic,IN-TG
U00166,vgu58png4lq2,2025-11-18 05:14:38,add_to_cart,desktop,organic,IN-TG
U00166,vgu58png4lq2,2025-11-18 05:17:25,checkout,desktop,organic,IN-TG
U00166,vgu58png4lq2,2025-11-18 05:30:25,purchase,desktop,organic,IN-TG
U00316,h8a5xyxwu5bl,2025-11-20 21:19:55,visit,mobile,paid_search,IN-TG
U00316,h8a5xyxwu5bl,2025-11-20 21:20:10,view_product,mobile,paid_search,IN-TG
U00113,frksn4e44rnd,2026-01-13 11:09:56,visit,desktop,referral,IN-AP
U00113,frksn4e44rnd,2026-01-13 11:12:27,view_product,desktop,referral,IN-AP
U00113,frksn4e44rnd,2026-01-13 11:13:58,add_to_cart,desktop,referral,IN-AP
U00036,vfntx5hgz292,2026-01-17 17:24:42,visit,desktop,social,IN-TN
U00036,vfntx5hgz292,2026-01-17 17:27:16,view_product,desktop,social,IN-TN
U00286,qs9v2ii3l1aj,2025-11-03 01:58:37,visit,mobile,organic,IN-AP
U00286,qs9v2ii3l1aj,2025-11-03 02:00:07,view_product,mobile,organic,IN-AP
U00400,lnjghuqlsnhd,2026-01-06 21:03:51,visit,desktop,organic,IN-TN
U00400,lnjghuqlsnhd,2026-01-06 21:06:33,view_product,desktop,organic,IN-TN
U00400,lnjghuqlsnhd,2026-01-06 21:07:37,add_to_cart,desktop,organic,IN-TN
U00400,lnjghuqlsnhd,2026-01-06 21:15:58,checkout,desktop,organic,IN-TN
U00216,6c9bbwlodmqb,2025-11-11 13:56:13,visit,desktop,email,IN-TN
U00216,6c9bbwlodmqb,2025-11-11 13:59:05,view_product,desktop,email,IN-TN
U00216,6c9bbwlodmqb,2025-11-11 13:59:49,add_to_cart,desktop,email,IN-TN
U00380,mlbw142ww6xa,2025-12-29 18:36:23,visit,mobile,social,IN-TG
U00380,mlbw142ww6xa,2025-12-29 18:37:30,view_product,mobile,social,IN-TG
U00380,mlbw142ww6xa,2025-12-29 18:40:41,add_to_cart,mobile,social,IN-TG
U00380,mlbw142ww6xa,2025-12-29 18:43:00,checkout,mobile,social,IN-TG
U00100,1c2iacd1fex9,2025-11-09 22:03:39,visit,mobile,organic,IN-TN
U00100,1c2iacd1fex9,2025-11-09 22:06:49,view_product,mobile,organic,IN-TN
U00100,1c2iacd1fex9,2025-11-09 22:10:26,add_to_cart,mobile,organic,IN-TN
U00100,1c2iacd1fex9,2025-11-09 22:21:14,checkout,mobile,organic,IN-TN
U00100,1c2iacd1fex9,2025-11-09 22:23:41,purchase,mobile,organic,IN-TN
U00066,ucihl9kac7x1,2025-12-26 13:10:49,visit,desktop,organic,IN-MH
U00066,ucihl9kac7x1,2025-12-26 13:12:54,view_product,desktop,organic,IN-MH
U00057,w3h9sly4f1u1,2025-12-29 01:32:46,visit,desktop,paid_search,IN-KA
U00057,w3h9sly4f1u1,2025-12-29 01:35:28,view_product,desktop,paid_search,IN-KA
U00057,w3h9sly4f1u1,2025-12-29 01:36:27,add_to_cart,desktop,paid_search,IN-KA
U00057,w3h9sly4f1u1,2025-12-29 01:44:25,checkout,desktop,paid_search,IN-KA
U00057,w3h9sly4f1u1,2025-12-29 01:49:35,purchase,desktop,paid_search,IN-KA
U00061,bz2dclpll8r5,2026-01-19 13:49:20,visit,mobile,organic,IN-AP
U00061,bz2dclpll8r5,2026-01-19 13:53:20,view_product,mobile,organic,IN-AP
U00061,bz2dclpll8r5,2026-01-19 13:57:30,add_to_cart,mobile,organic,IN-AP
U00061,bz2dclpll8r5,2026-01-19 14:07:02,checkout,mobile,organic,IN-AP
U00061,bz2dclpll8r5,2026-01-19 14:25:23,purchase,mobile,organic,IN-AP
U00343,fyko6tneh34f,2025-11-12 14:13:51,visit,mobile,organic,IN-AP
U00343,fyko6tneh34f,2025-11-12 14:17:24,view_product,mobile,organic,IN-AP
U00343,fyko6tneh34f,2025-11-12 14:21:24,add_to_cart,mobile,organic,IN-AP
U00273,asuimyvi9o0v,2026-01-15 12:03:26,visit,mobile,organic,IN-TN
U00273,asuimyvi9o0v,2026-01-15 12:05:57,view_product,mobile,organic,IN-TN
U00349,8unneeer66cd,2025-12-02 15:34:53,visit,desktop,organic,IN-AP
U00349,8unneeer66cd,2025-12-02 15:37:50,view_product,desktop,organic,IN-AP
U00349,8unneeer66cd,2025-12-02 15:38:18,add_to_cart,desktop,organic,IN-AP
U00349,8unneeer66cd,2025-12-02 15:52:09,checkout,desktop,organic,IN-AP
U00167,tmjwfi5l2rde,2025-11-08 16:30:29,visit,desktop,organic,IN-TN
U00167,tmjwfi5l2rde,2025-11-08 16:32:16,view_product,desktop,organic,IN-TN
U00167,tmjwfi5l2rde,2025-11-08 16:33:28,add_to_cart,desktop,organic,IN-TN
U00133,ip8jqjbjgrta,2025-12-06 18:14:12,visit,mobile,organic,IN-MH
U00133,ip8jqjbjgrta,2025-12-06 18:17:46,view_product,mobile,organic,IN-MH
U00315,olor9fp0q9xy,2026-01-18 18:58:38,visit,mobile,referral,IN-KA
U00315,olor9fp0q9xy,2026-01-18 18:59:05,view_product,mobile,referral,IN-KA
U00315,olor9fp0q9xy,2026-01-18 19:00:29,add_to_cart,mobile,referral,IN-KA
U00371,8smsszli16ex,2026-01-17 09:49:28,visit,mobile,social,IN-AP
U00371,8smsszli16ex,2026-01-17 09:51:54,view_product,mobile,social,IN-AP
U00371,8smsszli16ex,2026-01-17 09:53:53,add_to_cart,mobile,social,IN-AP
U00371,8smsszli16ex,2026-01-17 10:00:51,checkout,mobile,social,IN-AP
U00371,8smsszli16ex,2026-01-17 10:14:42,purchase,mobile,social,IN-AP
U00137,pjwz3vit0d2n,2025-11-19 16:57:29,visit,mobile,organic,IN-KA
U00137,pjwz3vit0d2n,2025-11-19 17:01:26,view_product,mobile,organic,IN-KA
U00137,pjwz3vit0d2n,2025-11-19 17:05:51,add_to_cart,mobile,organic,IN-KA
U00137,pjwz3vit0d2n,2025-11-19 17:18:50,checkout,mobile,organic,IN-KA
U00137,pjwz3vit0d2n,2025-11-19 17:34:08,purchase,mobile,organic,IN-KA
U00162,hk3vecdnssgl,2026-01-07 21:52:39,visit,desktop,organic,IN-MH
U00162,hk3vecdnssgl,2026-01-07 21:55:41,view_product,desktop,organic,IN-MH
U00162,hk3vecdnssgl,2026-01-07 21:56:36,add_to_cart,desktop,organic,IN-MH
U00162,hk3vecdnssgl,2026-01-07 22:08:29,checkout,desktop,organic,IN-MH
U00162,hk3vecdnssgl,2026-01-07 22:24:12,purchase,desktop,organic,IN-MH
U00268,17pyx6a5pm8k,2025-11-17 22:04:18,visit,mobile,paid_search,IN-AP
U00268,17pyx6a5pm8k,2025-11-17 22:06:07,view_product,mobile,paid_search,IN-AP
U00268,17pyx6a5pm8k,2025-11-17 22:09:11,add_to_cart,mobile,paid_search,IN-AP
U00268,17pyx6a5pm8k,2025-11-17 22:20:28,checkout,mobile,paid_search,IN-AP
U00268,17pyx6a5pm8k,2025-11-17 22:49:29,purchase,mobile,paid_search,IN-AP
U00007,gtfedffwrvei,2025-11-10 16:07:04,visit,desktop,paid_search,IN-TN
U00007,gtfedffwrvei,2025-11-10 16:10:16,view_product,desktop,paid_search,IN-TN
U00007,gtfedffwrvei,2025-11-10 16:13:58,add_to_cart,desktop,paid_search,IN-TN
U00007,gtfedffwrvei,2025-11-10 16:19:55,checkout,desktop,paid_search,IN-TN
U00007,gtfedffwrvei,2025-11-10 16:21:12,purchase,desktop,paid_search,IN-TN
U00132,gvsqj5f59c3v,2026-01-17 14:35:32,visit,mobile,organic,IN-TN
U00132,gvsqj5f59c3v,2026-01-17 14:37:03,view_product,mobile,organic,IN-TN
U00132,gvsqj5f59c3v,2026-01-17 14:38:58,add_to_cart,mobile,organic,IN-TN
U00132,gvsqj5f59c3v,2026-01-17 14:49:25,checkout,mobile,organic,IN-TN
U00132,gvsqj5f59c3v,2026-01-17 15:02:32,purchase,mobile,organic,IN-TN
U00064,1p693lphy9uh,2025-12-07 15:01:16,visit,mobile,organic,IN-AP
U00064,1p693lphy9uh,2025-12-07 15:04:27,view_product,mobile,organic,IN-AP
U00064,1p693lphy9uh,2025-12-07 15:09:05,add_to_cart,mobile,organic,IN-AP
U00064,1p693lphy9uh,2025-12-07 15:20:04,checkout,mobile,organic,IN-AP
U00375,rmpipg28v35f,2025-11-08 22:30:38,visit,mobile,organic,IN-AP
U00375,rmpipg28v35f,2025-11-08 22:34:12,view_product,mobile,organic,IN-AP
U00375,rmpipg28v35f,2025-11-08 22:36:41,add_to_cart,mobile,organic,IN-AP
U00375,rmpipg28v35f,2025-11-08 22:37:40,checkout,mobile,organic,IN-AP
U00188,k1j7f0ed1ns3,2026-01-13 20:38:46,visit,mobile,organic,IN-MH
U00188,k1j7f0ed1ns3,2026-01-13 20:41:25,view_product,mobile,organic,IN-MH
U00188,k1j7f0ed1ns3,2026-01-13 20:43:44,add_to_cart,mobile,organic,IN-MH
U00188,k1j7f0ed1ns3,2026-01-13 20:56:37,checkout,mobile,organic,IN-MH
U00042,6xyk6gdxcdgz,2025-12-30 09:32:21,visit,mobile,paid_search,IN-DL
U00042,6xyk6gdxcdgz,2025-12-30 09:33:14,view_product,mobile,paid_search,IN-DL
U00042,6xyk6gdxcdgz,2025-12-30 09:36:53,add_to_cart,mobile,paid_search,IN-DL
U00042,6xyk6gdxcdgz,2025-12-30 09:44:44,checkout,mobile,paid_search,IN-DL
U00042,6xyk6gdxcdgz,2025-12-30 09:58:18,purchase,mobile,paid_search,IN-DL
U00236,6m7tbmhut3uj,2025-11-17 17:04:21,visit,mobile,social,IN-DL
U00236,6m7tbmhut3uj,2025-11-17 17:07:04,view_product,mobile,social,IN-DL
U00236,6m7tbmhut3uj,2025-11-17 17:08:36,add_to_cart,mobile,social,IN-DL
U00259,8sbjtc57sl4h,2025-12-19 10:30:11,visit,mobile,organic,IN-TG
U00259,8sbjtc57sl4h,2025-12-19 10:33:16,view_product,mobile,organic,IN-TG
U00259,8sbjtc57sl4h,2025-12-19 10:37:22,add_to_cart,mobile,organic,IN-TG
U00114,jo1goja32nz7,2025-11-24 14:37:38,visit,mobile,social,IN-AP
U00114,jo1goja32nz7,2025-11-24 14:38:06,view_product,mobile,social,IN-AP
U00093,gizivxib4ftw,2025-11-03 17:00:10,visit,mobile,organic,IN-MH
U00093,gizivxib4ftw,2025-11-03 17:00:34,view_product,mobile,organic,IN-MH
U00093,gizivxib4ftw,2025-11-03 17:03:35,add_to_cart,mobile,organic,IN-MH
U00093,gizivxib4ftw,2025-11-03 17:11:54,checkout,mobile,organic,IN-MH
U00093,gizivxib4ftw,2025-11-03 17:15:02,purchase,mobile,organic,IN-MH
U00176,m885z8d7otrc,2025-12-01 12:16:29,visit,mobile,paid_search,IN-KA
U00176,m885z8d7otrc,2025-12-01 12:19:50,view_product,mobile,paid_search,IN-KA
U00176,m885z8d7otrc,2025-12-01 12:24:53,add_to_cart,mobile,paid_search,IN-KA
U00176,m885z8d7otrc,2025-12-01 12:34:12,checkout,mobile,paid_search,IN-KA
U00176,m885z8d7otrc,2025-12-01 13:01:56,purchase,mobile,paid_search,IN-KA
U00392,fq18fod9dct3,2026-01-09 20:37:21,visit,mobile,organic,IN-TG
U00392,fq18fod9dct3,2026-01-09 20:39:40,view_product,mobile,organic,IN-TG
U00054,dyp5i22ij25d,2025-11-05 16:03:24,visit,desktop,paid_search,IN-MH
U00054,dyp5i22ij25d,2025-11-05 16:04:44,view_product,desktop,paid_search,IN-MH
U00054,dyp5i22ij25d,2025-11-05 16:07:00,add_to_cart,desktop,paid_search,IN-MH
U00275,s5t0uyxaujni,2025-11-07 10:44:12,visit,desktop,paid_search,IN-DL
U00275,s5t0uyxaujni,2025-11-07 10:48:00,view_product,desktop,paid_search,IN-DL
U00275,s5t0uyxaujni,2025-11-07 10:51:40,add_to_cart,desktop,paid_search,IN-DL
U00355,8cxnufefknbm,2025-11-16 16:12:48,visit,mobile,email,IN-AP
U00355,8cxnufefknbm,2025-11-16 16:13:41,view_product,mobile,email,IN-AP
U00355,8cxnufefknbm,2025-11-16 16:15:33,add_to_cart,mobile,email,IN-AP
U00367,qoi4x8t5dmod,2025-12-06 15:21:06,visit,mobile,organic,IN-TN
U00367,qoi4x8t5dmod,2025-12-06 15:23:46,view_product,mobile,organic,IN-TN
U00367,qoi4x8t5dmod,2025-12-06 15:28:10,add_to_cart,mobile,organic,IN-TN
U00367,qoi4x8t5dmod,2025-12-06 15:29:09,checkout,mobile,organic,IN-TN
U00244,iu2essabmr8j,2026-01-18 17:21:38,visit,desktop,paid_search,IN-KA
U00244,iu2essabmr8j,2026-01-18 17:21:59,view_product,desktop,paid_search,IN-KA
U00244,iu2essabmr8j,2026-01-18 17:26:20,add_to_cart,desktop,paid_search,IN-KA
U00244,iu2essabmr8j,2026-01-18 17:34:48,checkout,desktop,paid_search,IN-KA
U00244,iu2essabmr8j,2026-01-18 18:00:44,purchase,desktop,paid_search,IN-KA
U00196,z1h930sdntk0,2025-11-27 09:37:58,visit,mobile,email,IN-KL
U00196,z1h930sdntk0,2025-11-27 09:40:16,view_product,mobile,email,IN-KL
U00196,z1h930sdntk0,2025-11-27 09:41:23,add_to_cart,mobile,email,IN-KL
U00158,rf1sdjgc0d4c,2025-11-27 14:50:36,visit,mobile,email,IN-KA
U00158,rf1sdjgc0d4c,2025-11-27 14:50:48,view_product,mobile,email,IN-KA
U00038,y97fy21oew5q,2025-12-29 12:39:44,visit,tablet,paid_search,IN-MH
U00038,y97fy21oew5q,2025-12-29 12:43:22,view_product,tablet,paid_search,IN-MH
U00038,y97fy21oew5q,2025-12-29 12:47:31,add_to_cart,tablet,paid_search,IN-MH
U00319,evgn42rwovbo,2026-01-15 14:38:21,visit,mobile,organic,IN-AP
U00319,evgn42rwovbo,2026-01-15 14:40:52,view_product,mobile,organic,IN-AP
U00031,stu4hw02mq2b,2026-01-14 22:19:27,visit,mobile,social,IN-TG
U00031,stu4hw02mq2b,2026-01-14 22:23:16,view_product,mobile,social,IN-TG
U00031,stu4hw02mq2b,2026-01-14 22:25:01,add_to_cart,mobile,social,IN-TG
U00308,ok6qa5cyaic1,2025-11-22 15:52:54,visit,desktop,organic,IN-DL
U00308,ok6qa5cyaic1,2025-11-22 15:56:12,view_product,desktop,organic,IN-DL
U00308,ok6qa5cyaic1,2025-11-22 15:57:39,add_to_cart,desktop,organic,IN-DL
U00308,ok6qa5cyaic1,2025-11-22 16:10:43,checkout,desktop,organic,IN-DL
U00308,ok6qa5cyaic1,2025-11-22 16:29:31,purchase,desktop,organic,IN-DL
U00262,h8neb5qf2wrx,2025-11-11 16:41:04,visit,desktop,organic,IN-TN
U00262,h8neb5qf2wrx,2025-11-11 16:41:46,view_product,desktop,organic,IN-TN
U00262,h8neb5qf2wrx,2025-11-11 16:42:06,add_to_cart,desktop,organic,IN-TN
U00262,h8neb5qf2wrx,2025-11-11 16:49:21,checkout,desktop,organic,IN-TN
U00247,y7g7ij4xdhhv,2026-01-14 10:26:44,visit,mobile,social,IN-TN
U00247,y7g7ij4xdhhv,2026-01-14 10:29:00,view_product,mobile,social,IN-TN
U00249,3yqsuzh1ku5e,2025-12-14 12:09:46,visit,mobile,organic,IN-KL
U00249,3yqsuzh1ku5e,2025-12-14 12:12:57,view_product,mobile,organic,IN-KL
U00249,3yqsuzh1ku5e,2025-12-14 12:17:21,add_to_cart,mobile,organic,IN-KL
U00249,3yqsuzh1ku5e,2025-12-14 12:22:56,checkout,mobile,organic,IN-KL
U00249,3yqsuzh1ku5e,2025-12-14 12:37:02,purchase,mobile,organic,IN-KL
U00309,ltxwkqn9xsi5,2026-01-12 09:14:50,visit,mobile,organic,IN-KL
U00309,ltxwkqn9xsi5,2026-01-12 09:15:18,view_product,mobile,organic,IN-KL
U00309,ltxwkqn9xsi5,2026-01-12 09:18:38,add_to_cart,mobile,organic,IN-KL
U00228,0jkhmrgjd9tk,2025-12-31 15:49:32,visit,mobile,paid_search,IN-KA
U00228,0jkhmrgjd9tk,2025-12-31 15:50:54,view_product,mobile,paid_search,IN-KA
U00228,0jkhmrgjd9tk,2025-12-31 15:54:42,add_to_cart,mobile,paid_search,IN-KA
U00298,e10nuvz9sk9y,2025-11-25 15:47:53,visit,tablet,organic,IN-MH
U00298,e10nuvz9sk9y,2025-11-25 15:48:22,view_product,tablet,organic,IN-MH
U00110,o2i663jzmj6s,2025-11-03 16:52:33,visit,mobile,organic,IN-TN
U00110,o2i663jzmj6s,2025-11-03 16:53:40,view_product,mobile,organic,IN-TN
U00110,o2i663jzmj6s,2025-11-03 16:59:38,add_to_cart,mobile,organic,IN-TN
U00110,o2i663jzmj6s,2025-11-03 17:12:11,checkout,mobile,organic,IN-TN
U00110,o2i663jzmj6s,2025-11-03 17:24:02,purchase,mobile,organic,IN-TN
U00224,zm1b797jk2bl,2025-11-14 12:40:07,visit,mobile,organic,IN-TN
U00224,zm1b797jk2bl,2025-11-14 12:40:38,view_product,mobile,organic,IN-TN
U00224,zm1b797jk2bl,2025-11-14 12:45:22,add_to_cart,mobile,organic,IN-TN
U00109,kosxsks8dtqb,2025-11-15 12:34:11,visit,mobile,email,IN-TG
U00109,kosxsks8dtqb,2025-11-15 12:36:35,view_product,mobile,email,IN-TG
U00015,fb3ld6haa2wu,2026-01-14 02:58:34,visit,desktop,organic,IN-KA
U00015,fb3ld6haa2wu,2026-01-14 02:59:21,view_product,desktop,organic,IN-KA
U00015,fb3ld6haa2wu,2026-01-14 03:01:51,add_to_cart,desktop,organic,IN-KA
U00015,fb3ld6haa2wu,2026-01-14 03:07:11,checkout,desktop,organic,IN-KA
U00192,2m8l59n77jgp,2025-12-15 01:08:41,visit,mobile,organic,IN-MH
U00192,2m8l59n77jgp,2025-12-15 01:11:15,view_product,mobile,organic,IN-MH
U00192,2m8l59n77jgp,2025-12-15 01:12:33,add_to_cart,mobile,organic,IN-MH
U00104,zk4dkpawl0ad,2025-12-08 21:40:52,visit,mobile,organic,IN-KA
U00104,zk4dkpawl0ad,2025-12-08 21:41:04,view_product,mobile,organic,IN-KA
U00104,zk4dkpawl0ad,2025-12-08 21:43:50,add_to_cart,mobile,organic,IN-KA
U00104,zk4dkpawl0ad,2025-12-08 21:47:49,checkout,mobile,organic,IN-KA
U00104,zk4dkpawl0ad,2025-12-08 21:51:49,purchase,mobile,organic,IN-KA
U00393,gq2qwcvq2jr1,2025-11-07 10:20:36,visit,mobile,organic,IN-KL
U00393,gq2qwcvq2jr1,2025-11-07 10:22:12,view_product,mobile,organic,IN-KL
U00172,u85i9izb1bo8,2025-12-01 18:29:43,visit,mobile,paid_search,IN-AP
U00172,u85i9izb1bo8,2025-12-01 18:32:09,view_product,mobile,paid_search,IN-AP
U00172,u85i9izb1bo8,2025-12-01 18:35:45,add_to_cart,mobile,paid_search,IN-AP
U00377,vubfomjhvv2p,2025-11-01 13:26:52,visit,mobile,referral,IN-TN
U00377,vubfomjhvv2p,2025-11-01 13:29:19,view_product,mobile,referral,IN-TN
U00377,vubfomjhvv2p,2025-11-01 13:29:57,add_to_cart,mobile,referral,IN-TN
U00377,vubfomjhvv2p,2025-11-01 13:35:04,checkout,mobile,referral,IN-TN
U00377,vubfomjhvv2p,2025-11-01 13:36:30,purchase,mobile,referral,IN-TN
U00047,yz8cpnqiu1cu,2025-11-05 19:38:58,visit,desktop,social,IN-TG
U00047,yz8cpnqiu1cu,2025-11-05 19:39:30,view_product,desktop,social,IN-TG
U00047,yz8cpnqiu1cu,2025-11-05 19:43:31,add_to_cart,desktop,social,IN-TG
U00379,g6tgqersb6wx,2025-11-01 21:14:39,visit,desktop,referral,IN-TG
U00379,g6tgqersb6wx,2025-11-01 21:16:36,view_product,desktop,referral,IN-TG
U00379,g6tgqersb6wx,2025-11-01 21:21:35,add_to_cart,desktop,referral,IN-TG
U00379,g6tgqersb6wx,2025-11-01 21:28:37,checkout,desktop,referral,IN-TG
U00150,91l3hf1rxd0u,2025-12-02 14:25:00,visit,desktop,organic,IN-KA
U00150,91l3hf1rxd0u,2025-12-02 14:28:54,view_product,desktop,organic,IN-KA
U00121,q4mrmxxja71d,2026-01-19 19:56:20,visit,mobile,organic,IN-TN
U00121,q4mrmxxja71d,2026-01-19 20:00:05,view_product,mobile,organic,IN-TN
U00071,rqma6hc4rvgi,2026-01-02 13:31:08,visit,mobile,referral,IN-KL
U00071,rqma6hc4rvgi,2026-01-02 13:35:01,view_product,mobile,referral,IN-KL
U00035,wheolsx7l0fl,2025-12-28 17:34:50,visit,mobile,paid_search,IN-AP
U00035,wheolsx7l0fl,2025-12-28 17:37:42,view_product,mobile,paid_search,IN-AP
U00035,wheolsx7l0fl,2025-12-28 17:41:38,add_to_cart,mobile,paid_search,IN-AP
U00035,wheolsx7l0fl,2025-12-28 17:50:34,checkout,mobile,paid_search,IN-AP
U00340,oj92902kmiuj,2026-01-13 16:40:28,visit,mobile,paid_search,IN-MH
U00340,oj92902kmiuj,2026-01-13 16:42:47,view_product,mobile,paid_search,IN-MH
U00340,oj92902kmiuj,2026-01-13 16:43:51,add_to_cart,mobile,paid_search,IN-MH
U00340,oj92902kmiuj,2026-01-13 16:56:21,checkout,mobile,paid_search,IN-MH
U00214,lh9b9dqf5iuy,2025-12-13 18:29:47,visit,mobile,referral,IN-MH
U00214,lh9b9dqf5iuy,2025-12-13 18:31:26,view_product,mobile,referral,IN-MH
U00214,lh9b9dqf5iuy,2025-12-13 18:34:20,add_to_cart,mobile,referral,IN-MH
U00214,lh9b9dqf5iuy,2025-12-13 18:47:04,checkout,mobile,referral,IN-MH
U00160,32j24otuaf59,2026-01-06 14:50:26,visit,mobile,paid_search,IN-KA
U00160,32j24otuaf59,2026-01-06 14:52:24,view_product,mobile,paid_search,IN-KA
U00099,je43tdj33z50,2025-12-26 15:31:54,visit,desktop,social,IN-TN
U00099,je43tdj33z50,2025-12-26 15:33:27,view_product,desktop,social,IN-TN
U00099,je43tdj33z50,2025-12-26 15:35:32,add_to_cart,desktop,social,IN-TN
U00099,je43tdj33z50,2025-12-26 15:43:24,checkout,desktop,social,IN-TN
U00001,yuqjdg4c83ai,2025-11-25 10:19:27,visit,mobile,referral,IN-AP
U00001,yuqjdg4c83ai,2025-11-25 10:21:50,view_product,mobile,referral,IN-AP
U00001,yuqjdg4c83ai,2025-11-25 10:25:34,add_to_cart,mobile,referral,IN-AP
U00001,yuqjdg4c83ai,2025-11-25 10:31:35,checkout,mobile,referral,IN-AP
U00001,yuqjdg4c83ai,2025-11-25 10:44:28,purchase,mobile,referral,IN-AP
U00211,cycs61y8clt6,2025-11-24 12:43:48,visit,mobile,organic,IN-KA
U00211,cycs61y8clt6,2025-11-24 12:46:26,view_product,mobile,organic,IN-KA
U00048,8m9skz3dr8c6,2025-12-14 09:31:37,visit,desktop,social,IN-MH
U00048,8m9skz3dr8c6,2025-12-14 09:33:50,view_product,desktop,social,IN-MH
U00048,8m9skz3dr8c6,2025-12-14 09:38:36,add_to_cart,desktop,social,IN-MH
U00048,8m9skz3dr8c6,2025-12-14 09:40:36,checkout,desktop,social,IN-MH
U00302,wl046arxcmtc,2025-12-11 20:24:34,visit,mobile,referral,IN-KL
U00302,wl046arxcmtc,2025-12-11 20:27:06,view_product,mobile,referral,IN-KL
U00302,wl046arxcmtc,2025-12-11 20:28:56,add_to_cart,mobile,referral,IN-KL
U00302,wl046arxcmtc,2025-12-11 20:35:45,checkout,mobile,referral,IN-KL
U00374,tfd4qmnjhubt,2025-11-23 21:05:29,visit,mobile,organic,IN-TG
U00374,tfd4qmnjhubt,2025-11-23 21:06:54,view_product,mobile,organic,IN-TG
U00242,3ainaotous8l,2025-12-02 22:09:36,visit,desktop,paid_search,IN-MH
U00242,3ainaotous8l,2025-12-02 22:13:32,view_product,desktop,paid_search,IN-MH
U00156,nhm18jk1mkp8,2025-11-10 20:09:01,visit,mobile,organic,IN-MH
U00156,nhm18jk1mkp8,2025-11-10 20:10:58,view_product,mobile,organic,IN-MH
U00156,nhm18jk1mkp8,2025-11-10 20:16:49,add_to_cart,mobile,organic,IN-MH
U00156,nhm18jk1mkp8,2025-11-10 20:26:21,checkout,mobile,organic,IN-MH
U00310,ivrp62lnsaj1,2026-01-14 19:36:45,visit,mobile,organic,IN-AP
U00310,ivrp62lnsaj1,2026-01-14 19:37:07,view_product,mobile,organic,IN-AP
U00310,ivrp62lnsaj1,2026-01-14 19:40:56,add_to_cart,mobile,organic,IN-AP
U00350,x47eht9581ic,2025-11-01 11:32:48,visit,mobile,paid_search,IN-DL
U00350,x47eht9581ic,2025-11-01 11:33:18,view_product,mobile,paid_search,IN-DL
U00350,x47eht9581ic,2025-11-01 11:37:25,add_to_cart,mobile,paid_search,IN-DL
U00350,x47eht9581ic,2025-11-01 11:50:44,checkout,mobile,paid_search,IN-DL
U00336,wsqx66tyrqem,2025-12-30 14:23:50,visit,desktop,organic,IN-DL
U00336,wsqx66tyrqem,2025-12-30 14:26:15,view_product,desktop,organic,IN-DL
U00336,wsqx66tyrqem,2025-12-30 14:29:29,add_to_cart,desktop,organic,IN-DL
U00336,wsqx66tyrqem,2025-12-30 14:35:42,checkout,desktop,organic,IN-DL
U00148,ngvqlkw52gc1,2026-01-17 21:35:18,visit,mobile,email,IN-TN
U00148,ngvqlkw52gc1,2026-01-17 21:37:33,view_product,mobile,email,IN-TN
U00148,ngvqlkw52gc1,2026-01-17 21:43:10,add_to_cart,mobile,email,IN-TN
U00186,cf3awtthf495,2025-11-25 09:53:38,visit,desktop,organic,IN-TN
U00186,cf3awtthf495,2025-11-25 09:54:18,view_product,desktop,organic,IN-TN
U00395,1ik6kk4v2ueh,2025-11-10 12:21:53,visit,desktop,paid_search,IN-KA
U00395,1ik6kk4v2ueh,2025-11-10 12:24:51,view_product,desktop,paid_search,IN-KA
U00395,1ik6kk4v2ueh,2025-11-10 12:28:42,add_to_cart,desktop,paid_search,IN-KA
U00395,1ik6kk4v2ueh,2025-11-10 12:38:04,checkout,desktop,paid_search,IN-KA
U00395,1ik6kk4v2ueh,2025-11-10 12:52:42,purchase,desktop,paid_search,IN-KA
U00044,45cao2sh04lz,2026-01-09 22:30:17,visit,mobile,email,IN-TN
U00044,45cao2sh04lz,2026-01-09 22:33:14,view_product,mobile,email,IN-TN
U00044,45cao2sh04lz,2026-01-09 22:36:57,add_to_cart,mobile,email,IN-TN
U00044,45cao2sh04lz,2026-01-09 22:37:50,checkout,mobile,email,IN-TN
U00044,45cao2sh04lz,2026-01-09 22:41:55,purchase,mobile,email,IN-TN
U00231,b5xqujgfwjrp,2025-12-08 15:06:46,visit,desktop,paid_search,IN-DL
U00231,b5xqujgfwjrp,2025-12-08 15:10:31,view_product,desktop,paid_search,IN-DL
U00221,np0qka7ozw8r,2025-12-19 09:06:38,visit,mobile,paid_search,IN-AP
U00221,np0qka7ozw8r,2025-12-19 09:08:42,view_product,mobile,paid_search,IN-AP
U00102,c3rsty2xdurr,2026-01-07 12:17:41,visit,tablet,paid_search,IN-TN
U00102,c3rsty2xdurr,2026-01-07 12:19:12,view_product,tablet,paid_search,IN-TN
U00102,c3rsty2xdurr,2026-01-07 12:20:12,add_to_cart,tablet,paid_search,IN-TN
U00254,66trxh4bzvvt,2025-11-20 14:31:43,visit,mobile,social,IN-KL
U00254,66trxh4bzvvt,2025-11-20 14:34:35,view_product,mobile,social,IN-KL
U00131,og6r49ndpx8t,2025-12-20 21:54:23,visit,tablet,organic,IN-MH
U00131,og6r49ndpx8t,2025-12-20 21:54:47,view_product,tablet,organic,IN-MH
U00131,og6r49ndpx8t,2025-12-20 21:58:36,add_to_cart,tablet,organic,IN-MH
U00326,8jwc1ch6hmwp,2026-01-16 10:34:24,visit,mobile,organic,IN-TN
U00326,8jwc1ch6hmwp,2026-01-16 10:36:31,view_product,mobile,organic,IN-TN
U00326,8jwc1ch6hmwp,2026-01-16 10:40:26,add_to_cart,mobile,organic,IN-TN
U00326,8jwc1ch6hmwp,2026-01-16 10:45:34,checkout,mobile,organic,IN-TN
U00326,8jwc1ch6hmwp,2026-01-16 10:56:07,purchase,mobile,organic,IN-TN
U00234,8mnclicwmdcs,2025-12-30 09:59:50,visit,mobile,email,IN-MH
U00234,8mnclicwmdcs,2025-12-30 10:00:00,view_product,mobile,email,IN-MH
U00147,r4m9kpb8xt4d,2026-01-16 18:55:58,visit,mobile,organic,IN-TG
U00147,r4m9kpb8xt4d,2026-01-16 18:58:17,view_product,mobile,organic,IN-TG
U00147,r4m9kpb8xt4d,2026-01-16 19:00:25,add_to_cart,mobile,organic,IN-TG
U00147,r4m9kpb8xt4d,2026-01-16 19:14:50,checkout,mobile,organic,IN-TG
U00147,r4m9kpb8xt4d,2026-01-16 19:33:37,purchase,mobile,organic,IN-TG
U00142,npxvrq50lw5a,2025-11-16 14:43:47,visit,mobile,organic,IN-TN
U00142,npxvrq50lw5a,2025-11-16 14:44:55,view_product,mobile,organic,IN-TN
U00285,n3arpwbg8sgm,2025-11-22 15:59:23,visit,mobile,organic,IN-AP
U00285,n3arpwbg8sgm,2025-11-22 16:02:56,view_product,mobile,organic,IN-AP
U00285,n3arpwbg8sgm,2025-11-22 16:07:52,add_to_cart,mobile,organic,IN-AP
U00187,5rhvmzoiq90m,2025-11-09 15:28:42,visit,desktop,organic,IN-AP
U00187,5rhvmzoiq90m,2025-11-09 15:32:29,view_product,desktop,organic,IN-AP
U00187,5rhvmzoiq90m,2025-11-09 15:37:39,add_to_cart,desktop,organic,IN-AP
U00187,5rhvmzoiq90m,2025-11-09 15:42:20,checkout,desktop,organic,IN-AP
U00198,898lksxbf70m,2025-12-12 10:53:18,visit,mobile,organic,IN-TG
U00198,898lksxbf70m,2025-12-12 10:57:10,view_product,mobile,organic,IN-TG
U00198,898lksxbf70m,2025-12-12 10:58:02,add_to_cart,mobile,organic,IN-TG
U00353,ojbxjriv5vn0,2026-01-17 22:18:17,visit,mobile,organic,IN-DL
U00353,ojbxjriv5vn0,2026-01-17 22:20:39,view_product,mobile,organic,IN-DL
U00353,ojbxjriv5vn0,2026-01-17 22:25:21,add_to_cart,mobile,organic,IN-DL
U00353,ojbxjriv5vn0,2026-01-17 22:26:34,checkout,mobile,organic,IN-DL
U00353,ojbxjriv5vn0,2026-01-17 22:43:31,purchase,mobile,organic,IN-DL
U00173,gjv3wb61tau1,2025-12-31 15:12:24,visit,mobile,organic,IN-TN
U00173,gjv3wb61tau1,2025-12-31 15:13:32,view_product,mobile,organic,IN-TN
U00173,gjv3wb61tau1,2025-12-31 15:17:27,add_to_cart,mobile,organic,IN-TN
U00227,utk4pp0wcsbl,2025-11-25 14:54:44,visit,desktop,paid_search,IN-MH
U00227,utk4pp0wcsbl,2025-11-25 14:56:29,view_product,desktop,paid_search,IN-MH
U00227,utk4pp0wcsbl,2025-11-25 15:00:24,add_to_cart,desktop,paid_search,IN-MH
U00063,3c3f8t65p5e3,2025-12-03 19:54:49,visit,mobile,referral,IN-DL
U00063,3c3f8t65p5e3,2025-12-03 19:58:42,view_product,mobile,referral,IN-DL
U00322,1ctpc9l2vs6e,2026-01-03 17:12:37,visit,mobile,organic,IN-KA
U00322,1ctpc9l2vs6e,2026-01-03 17:13:04,view_product,mobile,organic,IN-KA
U00322,1ctpc9l2vs6e,2026-01-03 17:14:33,add_to_cart,mobile,organic,IN-KA
U00322,1ctpc9l2vs6e,2026-01-03 17:25:27,checkout,mobile,organic,IN-KA
U00322,1ctpc9l2vs6e,2026-01-03 17:46:04,purchase,mobile,organic,IN-KA
U00373,t9jb7ng3j0so,2025-12-08 17:08:13,visit,desktop,organic,IN-TG
U00373,t9jb7ng3j0so,2025-12-08 17:10:15,view_product,desktop,organic,IN-TG
U00373,t9jb7ng3j0so,2025-12-08 17:16:07,add_to_cart,desktop,organic,IN-TG
U00215,5b6cw6ofjc9d,2025-12-24 20:10:22,visit,mobile,paid_search,IN-TN
U00215,5b6cw6ofjc9d,2025-12-24 20:11:14,view_product,mobile,paid_search,IN-TN
U00215,5b6cw6ofjc9d,2025-12-24 20:14:26,add_to_cart,mobile,paid_search,IN-TN
U00215,5b6cw6ofjc9d,2025-12-24 20:25:06,checkout,mobile,paid_search,IN-TN
U00046,2lkd97rt1rdk,2025-12-15 17:28:51,visit,mobile,paid_search,IN-TG
U00046,2lkd97rt1rdk,2025-12-15 17:29:17,view_product,mobile,paid_search,IN-TG
U00046,2lkd97rt1rdk,2025-12-15 17:30:53,add_to_cart,mobile,paid_search,IN-TG
U00046,2lkd97rt1rdk,2025-12-15 17:34:54,checkout,mobile,paid_search,IN-TG
U00046,2lkd97rt1rdk,2025-12-15 17:35:36,purchase,mobile,paid_search,IN-TG
U00083,lbw278gfn1bo,2025-12-08 21:00:56,visit,desktop,paid_search,IN-KL
U00083,lbw278gfn1bo,2025-12-08 21:04:39,view_product,desktop,paid_search,IN-KL
U00083,lbw278gfn1bo,2025-12-08 21:05:34,add_to_cart,desktop,paid_search,IN-KL
U00366,xqhg1rnqtsy3,2025-12-28 11:10:19,visit,mobile,paid_search,IN-KA
U00366,xqhg1rnqtsy3,2025-12-28 11:11:05,view_product,mobile,paid_search,IN-KA
U00193,qng0ruyn1mjz,2025-12-09 09:07:15,visit,mobile,social,IN-KA
U00193,qng0ruyn1mjz,2025-12-09 09:10:41,view_product,mobile,social,IN-KA
U00193,qng0ruyn1mjz,2025-12-09 09:13:17,add_to_cart,mobile,social,IN-KA
U00193,qng0ruyn1mjz,2025-12-09 09:27:19,checkout,mobile,social,IN-KA
U00193,qng0ruyn1mjz,2025-12-09 09:47:27,purchase,mobile,social,IN-KA
U00245,x9p8on6rzyid,2025-11-22 06:56:36,visit,mobile,organic,IN-KA
U00245,x9p8on6rzyid,2025-11-22 06:59:28,view_product,mobile,organic,IN-KA
U00069,rmhqnbp9ot4t,2025-11-04 02:11:35,visit,desktop,social,IN-TN
U00069,rmhqnbp9ot4t,2025-11-04 02:12:54,view_product,desktop,social,IN-TN
U00069,rmhqnbp9ot4t,2025-11-04 02:14:28,add_to_cart,desktop,social,IN-TN
U00069,rmhqnbp9ot4t,2025-11-04 02:27:36,checkout,desktop,social,IN-TN
U00069,rmhqnbp9ot4t,2025-11-04 02:51:35,purchase,desktop,social,IN-TN
U00101,v4ig3cn8805x,2025-11-29 15:48:09,visit,mobile,paid_search,IN-MH
U00101,v4ig3cn8805x,2025-11-29 15:49:36,view_product,mobile,paid_search,IN-MH
U00101,v4ig3cn8805x,2025-11-29 15:50:51,add_to_cart,mobile,paid_search,IN-MH
U00101,v4ig3cn8805x,2025-11-29 16:03:03,checkout,mobile,paid_search,IN-MH
U00101,v4ig3cn8805x,2025-11-29 16:15:09,purchase,mobile,paid_search,IN-MH
U00386,k213oq8plojt,2025-11-14 18:32:37,visit,mobile,email,IN-KA
U00386,k213oq8plojt,2025-11-14 18:32:56,view_product,mobile,email,IN-KA
U00386,k213oq8plojt,2025-11-14 18:33:57,add_to_cart,mobile,email,IN-KA
U00386,k213oq8plojt,2025-11-14 18:36:15,checkout,mobile,email,IN-KA
U00199,dtztg96rfxff,2025-12-02 16:37:19,visit,tablet,organic,IN-KL
U00199,dtztg96rfxff,2025-12-02 16:41:18,view_product,tablet,organic,IN-KL
U00199,dtztg96rfxff,2025-12-02 16:47:04,add_to_cart,tablet,organic,IN-KL
U00199,dtztg96rfxff,2025-12-02 16:54:58,checkout,tablet,organic,IN-KL
U00250,iez6fg2sg4a9,2026-01-11 14:56:24,visit,desktop,organic,IN-TN
U00250,iez6fg2sg4a9,2026-01-11 14:56:55,view_product,desktop,organic,IN-TN
U00250,iez6fg2sg4a9,2026-01-11 15:02:34,add_to_cart,desktop,organic,IN-TN
U00250,iez6fg2sg4a9,2026-01-11 15:16:44,checkout,desktop,organic,IN-TN
U00106,2djyox00ygpx,2026-01-13 09:05:40,visit,desktop,paid_search,IN-DL
U00106,2djyox00ygpx,2026-01-13 09:06:09,view_product,desktop,paid_search,IN-DL
U00106,2djyox00ygpx,2026-01-13 09:09:47,add_to_cart,desktop,paid_search,IN-DL
U00087,bm2lnsi2se6a,2026-01-19 18:51:28,visit,mobile,referral,IN-MH
U00087,bm2lnsi2se6a,2026-01-19 18:55:13,view_product,mobile,referral,IN-MH
U00087,bm2lnsi2se6a,2026-01-19 19:00:31,add_to_cart,mobile,referral,IN-MH
U00382,2tefjehp873i,2026-01-03 18:13:54,visit,desktop,email,IN-TG
U00382,2tefjehp873i,2026-01-03 18:17:13,view_product,desktop,email,IN-TG
U00382,2tefjehp873i,2026-01-03 18:18:01,add_to_cart,desktop,email,IN-TG
U00382,2tefjehp873i,2026-01-03 18:32:06,checkout,desktop,email,IN-TG
U00185,4rlifg8iwmoj,2026-01-11 11:38:02,visit,desktop,referral,IN-KA
U00185,4rlifg8iwmoj,2026-01-11 11:40:36,view_product,desktop,referral,IN-KA
U00146,rbv7s9x44eqz,2026-01-02 10:53:30,visit,desktop,organic,IN-TN
U00146,rbv7s9x44eqz,2026-01-02 10:56:19,view_product,desktop,organic,IN-TN
U00372,lco1vob64y5h,2025-12-15 08:05:59,visit,desktop,paid_search,IN-TN
U00372,lco1vob64y5h,2025-12-15 08:08:36,view_product,desktop,paid_search,IN-TN
U00265,e79enbyi01ln,2026-01-02 20:10:50,visit,desktop,paid_search,IN-KA
U00265,e79enbyi01ln,2026-01-02 20:13:39,view_product,desktop,paid_search,IN-KA
U00265,e79enbyi01ln,2026-01-02 20:14:15,add_to_cart,desktop,paid_search,IN-KA
U00265,e79enbyi01ln,2026-01-02 20:16:28,checkout,desktop,paid_search,IN-KA
U00265,e79enbyi01ln,2026-01-02 20:24:21,purchase,desktop,paid_search,IN-KA
U00279,rk8w3jvfe4y4,2026-01-17 14:37:09,visit,desktop,organic,IN-MH
U00279,rk8w3jvfe4y4,2026-01-17 14:38:49,view_product,desktop,organic,IN-MH
U00279,rk8w3jvfe4y4,2026-01-17 14:43:12,add_to_cart,desktop,organic,IN-MH
U00090,svuupgqbgqxl,2025-11-16 15:35:01,visit,mobile,paid_search,IN-TG
U00090,svuupgqbgqxl,2025-11-16 15:38:26,view_product,mobile,paid_search,IN-TG
U00090,svuupgqbgqxl,2025-11-16 15:43:57,add_to_cart,mobile,paid_search,IN-TG
U00090,svuupgqbgqxl,2025-11-16 15:53:07,checkout,mobile,paid_search,IN-TG
U00090,svuupgqbgqxl,2025-11-16 16:15:30,purchase,mobile,paid_search,IN-TG
U00359,rfacomlksfmu,2026-01-13 12:42:03,visit,mobile,paid_search,IN-KA
U00359,rfacomlksfmu,2026-01-13 12:43:44,view_product,mobile,paid_search,IN-KA
U00359,rfacomlksfmu,2026-01-13 12:45:08,add_to_cart,mobile,paid_search,IN-KA
U00359,rfacomlksfmu,2026-01-13 12:50:07,checkout,mobile,paid_search,IN-KA
U00011,7askjsq446e8,2025-12-02 19:20:36,visit,mobile,paid_search,IN-AP
U00011,7askjsq446e8,2025-12-02 19:24:09,view_product,mobile,paid_search,IN-AP
U00127,e109dzd0ph48,2025-11-13 19:11:28,visit,mobile,social,IN-TN
U00270,y6pzjoq0jutu,2025-11-02 16:39:54,visit,mobile,organic,IN-KA
U00205,s77pav442p1u,2025-11-01 20:28:46,visit,mobile,organic,IN-TN
U00191,kax507mdtl4v,2025-12-02 15:06:15,visit,desktop,organic,IN-AP
U00237,t1h8g64u27i7,2025-11-17 18:20:07,visit,mobile,email,IN-TN
U00184,64okw0y4blk0,2025-11-23 17:26:02,visit,mobile,organic,IN-AP
U00271,cpl94c2m6eox,2026-01-10 00:49:17,visit,mobile,social,IN-TG
U00124,75xlr7f5rnfe,2025-12-09 17:21:44,visit,mobile,paid_search,IN-KA
U00182,94pdcwzqmgt6,2025-12-16 09:04:13,visit,mobile,paid_search,IN-TG
U00327,o72pg4mcyrbx,2025-11-11 22:22:12,visit,mobile,paid_search,IN-KA
U00229,wnf5mqofa34e,2025-12-11 12:55:28,visit,mobile,organic,IN-AP
U00111,1jav28b29s6q,2026-01-16 09:16:49,visit,mobile,organic,IN-TN
U00026,p9o18hxoxod5,2026-01-01 18:08:24,visit,mobile,organic,IN-DL
U00179,gtmg4snhsbpz,2026-01-09 09:40:35,visit,mobile,social,IN-KA
U00070,v7tp5lg7ve7k,2025-12-21 16:31:16,visit,mobile,organic,IN-AP
U00178,ttzgotd2t2f1,2025-12-05 21:54:44,visit,mobile,organic,IN-DL
U00345,z22tmnsuphla,2025-11-13 11:16:14,visit,mobile,social,IN-MH
U00281,1z47t90ca42c,2025-11-02 13:09:43,visit,mobile,social,IN-TG
U00213,q80etstrbmvj,2025-11-29 11:52:13,visit,mobile,paid_search,IN-TN
U00200,tretsqd7che6,2025-12-26 19:43:34,visit,desktop,social,IN-KL
U00005,kio7ck1usv5a,2025-12-24 14:10:13,visit,desktop,organic,IN-MH
U00337,0hex48ax7li8,2025-11-18 10:08:57,visit,mobile,organic,IN-DL
U00278,0rid39a9swe2,2025-12-20 00:37:55,visit,tablet,organic,IN-TN
U00018,pqzeebm5hk95,2025-12-25 13:01:38,visit,mobile,organic,IN-TN
U00181,3jf306dnl9wq,2025-12-26 10:00:43,visit,mobile,organic,IN-TN
U00116,wd10gjgb27pt,2026-01-13 13:26:35,visit,desktop,paid_search,IN-KL
U00311,v3nn5yujpwr9,2026-01-18 22:34:23,visit,mobile,email,IN-KA
U00295,x6ouobsrxdps,2025-12-19 16:47:52,visit,mobile,organic,IN-KA
U00072,eprsqw5fbcwj,2026-01-08 20:23:30,visit,mobile,organic,IN-AP
U00025,l6f5xczjy9j4,2025-12-07 21:38:38,visit,mobile,referral,IN-KA
U00289,6gvmazhbbc9i,2025-12-07 12:35:47,visit,mobile,social,IN-AP
U00157,n8yv3w0esmxn,2026-01-09 17:42:59,visit,tablet,organic,IN-KL
U00300,vcy0b5wskllc,2025-11-19 07:34:14,visit,mobile,organic,IN-KL
U00272,o347qfodov25,2025-11-02 14:53:15,visit,mobile,email,IN-DL
U00154,5f6eklcgm5th,2025-11-17 20:10:10,visit,mobile,organic,IN-TN
U00258,vcg6buqzr17z,2025-11-29 20:32:58,visit,mobile,social,IN-KL
U00021,gwfg242ffbuo,2025-11-25 21:37:15,visit,mobile,organic,IN-KL
U00276,5q1m4mgq4ryd,2026-01-15 00:09:29,visit,mobile,social,IN-DL
U00232,mxsev9sbcqrh,2025-12-01 08:56:55,visit,mobile,referral,IN-KL
U00086,xfhs8kmy2qwb,2025-12-08 18:37:51,visit,mobile,paid_search,IN-MH
U00208,ardvddu3t9qd,2025-12-31 18:48:54,visit,mobile,social,IN-KA
U00223,5a2rwvrnb6kf,2025-11-03 20:36:10,visit,mobile,organic,IN-MH
U00073,5x2vwqo5wura,2026-01-20 16:06:47,visit,mobile,organic,IN-KA
U00161,zjft9xj8tkhc,2026-01-20 17:21:01,visit,desktop,referral,IN-KL
U00251,djtjjffjajma,2026-01-09 14:44:08,visit,mobile,referral,IN-KL
U00288,ybv5v9du0esu,2025-12-18 22:00:17,visit,desktop,paid_search,IN-KA
U00301,ltff35m6lvxu,2025-11-09 14:04:40,visit,tablet,organic,IN-AP
U00399,afbqeiao55ur,2026-01-17 22:49:02,visit,mobile,social,IN-KA
U00129,rh9982mr1nv1,2026-01-12 10:52:28,visit,desktop,email,IN-AP
U00055,h3f131tba1lp,2025-11-17 01:11:05,visit,mobile,referral,IN-TN
U00052,yr89xd8n21s6,2025-12-31 16:20:49,visit,desktop,social,IN-MH
U00235,24kk3zby9u0o,2025-11-18 18:31:34,visit,mobile,organic,IN-MH
U00306,olme22tyolrd,2025-12-12 09:08:41,visit,desktop,organic,IN-KA
U00024,k5ezjkasrilz,2026-01-12 19:40:06,visit,desktop,email,IN-TG
U00328,fgionkgzpfft,2025-12-15 10:04:31,visit,mobile,organic,IN-AP
U00027,071zcsztkvop,2025-11-16 04:41:35,visit,mobile,paid_search,IN-DL
U00253,g01gudam2lal,2025-12-30 13:49:57,visit,desktop,paid_search,IN-KL
U00159,89mbvbwqvqgy,2025-12-03 19:07:15,visit,desktop,organic,IN-TN
U00317,3pcwiggx5y10,2026-01-15 20:51:15,visit,mobile,social,IN-TN
U00195,ym5jmyjl5gti,2025-12-20 19:55:57,visit,mobile,email,IN-KA
U00143,3luulnmz34or,2025-11-05 16:58:50,visit,mobile,organic,IN-TN
U00030,clq68oq4klf4,2026-01-12 13:27:40,visit,mobile,organic,IN-DL
U00049,o5868nxfmujz,2025-11-24 09:40:19,visit,mobile,paid_search,IN-DL
U00398,rx6k5si4l4ir,2025-12-20 11:40:11,visit,desktop,social,IN-DL
U00194,ic98jov547p1,2025-12-22 03:59:05,visit,mobile,organic,IN-MH
U00043,khmymxfwipqo,2025-12-12 20:56:34,visit,mobile,organic,IN-TN
U00269,ljdauiz4vgu6,2025-11-26 12:54:53,visit,mobile,organic,IN-MH
U00210,5nu0aj1lm805,2026-01-19 20:12:10,visit,mobile,email,IN-TN
U00019,9i2lnyfj8enz,2026-01-06 18:41:03,visit,mobile,paid_search,IN-AP
U00051,dumqhsi7twwd,2025-12-29 16:03:09,visit,mobile,paid_search,IN-TG
U00240,toa6crvz74bi,2026-01-12 16:44:54,visit,mobile,paid_search,IN-MH
U00174,56jc9o17egwb,2025-12-14 13:11:38,visit,mobile,organic,IN-TG
U00303,y79xd4pdt7ig,2025-12-11 18:13:29,visit,mobile,social,IN-MH
U00241,43taiwl7hob2,2025-11-04 11:27:54,visit,mobile,paid_search,IN-TG
U00126,ubvqw8tngsdu,2025-12-04 10:42:38,visit,desktop,paid_search,IN-TN
U00076,yroy1n9zgcyi,2025-12-05 06:58:48,visit,mobile,social,IN-AP
U00145,jys30k789849,2025-11-04 12:49:04,visit,mobile,referral,IN-DL
U00321,ygkuh36kar3z,2025-12-21 08:28:53,visit,mobile,paid_search,IN-DL
U00266,qiwk7d7pvvai,2025-12-12 20:08:38,visit,mobile,paid_search,IN-AP
U00009,63ds7dpbtaev,2026-01-09 16:07:00,visit,mobile,social,IN-KL
U00369,d2e2sxeqig0x,2025-12-29 21:01:04,visit,mobile,organic,IN-DL
U00032,hf2k4fa33tk4,2026-01-18 21:23:46,visit,mobile,social,IN-DL
U00053,r53hm6czz0a1,2026-01-02 17:19:00,visit,mobile,paid_search,IN-KA
U00378,z40yqctavjjn,2026-01-08 19:17:11,visit,mobile,social,IN-AP
U00108,yfbl2rmroxr9,2025-12-25 18:24:48,visit,mobile,social,IN-KL
U00088,2yyhr145d3vm,2026-01-17 15:35:49,visit,desktop,social,IN-TN
U00284,7omd0mgmgf8i,2026-01-16 21:52:30,visit,mobile,organic,IN-AP
U00314,qxode5o0x4vp,2026-01-03 13:42:04,visit,mobile,social,IN-KA
U00219,n2hraj86aulf,2025-11-11 07:02:52,visit,mobile,paid_search,IN-MH
U00056,t4r99v3khsxm,2025-11-15 21:36:10,visit,desktop,paid_search,IN-TN
U00233,sabjxo26kftk,2025-12-31 09:21:58,visit,mobile,organic,IN-MH
U00365,dxofkhgt2zvu,2025-11-27 21:26:44,visit,mobile,referral,IN-AP
U00022,21uqb7lvf4d4,2025-12-11 20:18:13,visit,mobile,social,IN-TN
U00183,uf7ubzw8f6uo,2025-11-24 20:15:48,visit,desktop,organic,IN-DL
U00370,btcqkzdhwx9t,2026-01-13 05:02:45,visit,mobile,organic,IN-TN
U00141,nan2tdutz9z8,2025-11-23 21:16:44,visit,desktop,organic,IN-KA
U00207,sbrnc5t13blo,2025-12-28 09:59:10,visit,mobile,paid_search,IN-TN
U00119,66trfevp0a18,2025-11-01 20:38:29,visit,mobile,paid_search,IN-MH
U00356,k7oenmp4pj7q,2025-11-15 02:03:52,visit,mobile,organic,IN-KA
U00058,md3ic3lrbe5l,2025-11-18 12:10:08,visit,mobile,organic,IN-MH
U00125,fffgsivii4lf,2025-11-27 15:58:48,visit,mobile,email,IN-KL
U00029,9zhc8xbjo0uj,2025-11-25 19:43:05,visit,desktop,referral,IN-TN
U00008,va8ox9dyvspx,2025-12-15 21:42:54,visit,mobile,social,IN-TN
U00361,0acllavti8jg,2025-11-14 16:59:48,visit,mobile,organic,IN-AP
U00256,32zhmdh3st5p,2025-12-30 11:27:59,visit,desktop,referral,IN-KA
U00335,8ewz7f8mel1a,2026-01-18 21:36:25,visit,desktop,organic,IN-TN
U00339,5c4f9qzu2m1z,2025-12-31 07:00:48,visit,desktop,organic,IN-AP
U00067,iubi897dqroq,2025-12-05 22:07:41,visit,mobile,paid_search,IN-KA
U00189,clne7lobq2ia,2025-12-28 11:21:27,visit,desktop,paid_search,IN-KA
U00357,kizejo6b87it,2025-11-19 05:59:01,visit,desktop,organic,IN-KL
U00239,756ow7tr1atw,2025-12-01 16:23:39,visit,desktop,social,IN-TN
U00305,45vlgptv4k33,2025-11-09 10:57:28,visit,mobile,organic,IN-TN
U00283,fdfjvauc3zxu,2025-11-01 11:27:22,visit,desktop,organic,IN-AP
U00045,p69q0ck069g9,2025-11-15 22:28:03,visit,mobile,paid_search,IN-KA
U00085,wszuni5swp70,2026-01-02 13:42:22,visit,mobile,organic,IN-KL
U00170,n15dfg197zxc,2025-12-27 15:30:44,visit,mobile,organic,IN-TG
U00346,xc1xvgzin1r9,2026-01-11 10:18:12,visit,mobile,email,IN-KA
U00096,5rsrstilale4,2025-12-25 09:06:54,visit,mobile,organic,IN-TG
U00107,0lnyv0ybpgs7,2025-12-04 17:20:40,visit,desktop,social,IN-DL
U00257,e6efi7ddc38l,2025-12-31 15:58:23,visit,mobile,email,IN-DL
U00329,543zgikx8111,2026-01-19 03:33:50,visit,mobile,organic,IN-TN
U00103,ymy5vsj262r0,2025-12-13 12:57:40,visit,mobile,paid_search,IN-TN
U00013,z822iozbm33h,2026-01-12 21:39:01,visit,desktop,organic,IN-TN
U00139,24ulk9yfwow8,2025-12-31 14:49:05,visit,mobile,social,IN-MH
U00039,gisugs8ft82k,2025-11-24 09:50:32,visit,desktop,organic,IN-TG
U00206,rk8dzcg2cz5i,2026-01-17 18:52:19,visit,mobile,email,IN-KA
U00324,8a334l64c8pa,2025-11-15 11:17:35,visit,desktop,paid_search,IN-KA
U00117,dsdlcbu89flc,2026-01-04 16:07:50,visit,desktop,paid_search,IN-AP
U00204,ln8woucvwprw,2025-12-05 13:39:55,visit,mobile,organic,IN-KL
U00130,atrp2htoumgs,2025-12-19 12:30:15,visit,mobile,organic,IN-TN
U00360,fg9nb9xhdj7y,2025-11-15 10:59:41,visit,desktop,referral,IN-KA
U00028,6pqj6bg8fuqa,2025-12-22 20:54:40,visit,mobile,organic,IN-TN
U00293,trzcghqhpifj,2026-01-06 09:24:32,visit,desktop,organic,IN-TN
U00136,8hzsjl4rghox,2025-12-08 22:24:38,visit,mobile,paid_search,IN-DL
U00077,9m2bgbeaho9j,2026-01-08 15:56:39,visit,desktop,organic,IN-KL
U00097,jsyeaf5woc5v,2025-11-04 11:16:53,visit,mobile,referral,IN-DL
U00331,pnrdsbu9tdbl,2025-11-08 00:18:15,visit,mobile,referral,IN-KL
U00050,fpf7qmp6lfsn,2026-01-03 18:01:48,visit,mobile,social,IN-TN
U00390,9z4mjrz5ne3p,2025-11-30 21:59:22,visit,mobile,referral,IN-MH
U00330,v3qc48mi50xr,2026-01-18 14:00:40,visit,mobile,organic,IN-KA
U00163,zhskvsw46j87,2025-11-19 22:18:12,visit,mobile,organic,IN-KA
U00332,k2n1advcd677,2026-01-13 18:38:09,visit,mobile,paid_search,IN-MH
U00068,zt636htombx8,2026-01-08 19:15:48,visit,mobile,social,IN-AP
U00248,750dfqg2xjyc,2026-01-04 16:27:49,visit,desktop,social,IN-TN
U00252,ancgu50dmhdv,2025-12-10 05:32:21,visit,mobile,paid_search,IN-KL
U00274,cwd4yalmdhuh,2026-01-14 09:33:09,visit,mobile,organic,IN-KL
U00294,0cikhgow4zp2,2025-11-28 09:41:57,visit,mobile,social,IN-TN
U00291,ztfsfkqj90lh,2026-01-02 06:11:07,visit,tablet,paid_search,IN-KA
U00041,7mf7t3nl6ryr,2025-11-02 16:44:07,visit,mobile,paid_search,IN-TG
U00348,r9pjufgr3pct,2025-11-21 11:15:30,visit,mobile,paid_search,IN-KL
